,Hotel_name,City,Hotel_price,Hotel_rating
0,Roses of Daylesford - Rosemary Cottage   Beautiful,DAYLESFORD,235,3.0
1,New Modern luxurious studio appartment 5mins walk to beach shops and cafe's.,CAPE WOOLAMAI,279,5.0
2,"Maple Cottage ""The Studio"" Trentham - $99 mid week Specials 700m CBD",TRENTHAM,172,4.8
3,Bella Loft: luxury studio apartment in the heart of Woodend,WOODEND,270,4.9
4,The Gatehouse - Light filled  cottage  in the leafy suburb of Hawthorn,MELBOURNE,200,4.9
5,Port Melbourne Seaviews Gym Pool & Tennis!,MELBOURNE,200,4.7
6,Lilac Cottage - central but quiet,CITY OF GREATER BENDIGO,133,4.9
7,Big Tiny Altitude Tiny House Experience,SHIRE OF MACEDON RANGES,226,5.0
8,3BR house with pool close to city and beaches!,MELBOURNE,311,4.0
9,Kate's Place Daylesford Bordering The Botanic Gardens,DAYLESFORD,235,4.7
10,Lakeside Dream-Platypus/Lyrebirds/Views/Walks ,MELBOURNE,214,4.9
11,Geelong Manna Gum Tiny House,SURF COAST SHIRE,206,5.0
12,Grand Designs East Melbourne 5x4 Eco House,MELBOURNE,355,5.0
13,A peaceful retreat in the heart of Carlton,MELBOURNE,224,5.0
14,Glenlowren,SHIRE OF YARRA RANGES,379,5.0
15,RACV Goldfields Resort,CRESWICK,242,4.4
16,Castlemaine Gardens Luxury Glamping,CASTLEMAINE,240,3.6
17,BIG4 Melbourne Holiday Park,MELBOURNE,139,4.5
18,Lakes and Craters Holiday Park,CORANGAMITE,160,4.1
19,Sambar Studio Bed & Breakfast,SHIRE OF NILLUMBIK,245,4.8
20,Frog Hollow Eastern Banjo Daylesford,MOUNT FRANKLIN,256,4.8
21,Country Style Art Deco Inspired 2 bedroom house with off street parking,MELBOURNE,234,5.0
22,Blue Cliffs Dusk Spa Villa,MOUNT FRANKLIN,297,3.8
23,Kara's at Bungal..Romantic Getaway .. Sorry unavailable for bookings,SHIRE OF MOORABOOL,320,4.6
24,Lily's Farm Studio,HEPBURN SHIRE,206,4.8
25,Perfect Cosy Retreat Cottage Russki Country Sauna & Spa Hut,MELBOURNE,197,4.6
26,GALBRAITH BEACH STUDIO 1,MARENGO,326,4.3
27,A Cozy CBD Home with Stunning Views,MELBOURNE,138,4.5
28,Melbourne Villa,HEIDELBERG (MELBOURNE),223,4.8
29,Etna Cottage - lovely private corner spa bath,MELBOURNE,146,3.8
30,Darling Suite in South Yarra,MELBOURNE,123,4.5
31,1 BR Grand Balcony Suite,MELBOURNE,161,4.4
32,Frogsong Cottage YELLOW,GOUGHS BAY,128,5.0
33,Ardingly Tiny House S,SHIRE OF MACEDON RANGES,184,5.0
34,Rockmans South Yarra is a Boutique style apartment,MELBOURNE,117,4.4
35,Your own private space,SHIRE OF MACEDON RANGES,106,5.0
36,St Kilda Rd apartment - light filled and lovely,MELBOURNE,169,5.0
37,"""Fitzroy St Studio 210"" - Pearl Apartments",MELBOURNE,128,3.8
38,Sandringham - Resort Lifestyle,MELBOURNE,239,4.7
39,one bedroom apartment with balcony,MELBOURNE,228,3.5
40,Chic warehouse apartment in hipster foodie hub,MELBOURNE,208,3.8
41,TREASURY on COLLINS Apartment Hotel in Melbourne CBD,MELBOURNE,378,4.6
42,Wyndel Apartments - Riverside On Collins,MELBOURNE,112,4.6
43,Woody lifestyle one bedroom apartment,OLINDA (VICTORIA),205,5.0
44,BHB Designer Collingwood,MELBOURNE,264,2.3
45,"""Fawkner"" - Pearl Apartments",MELBOURNE,124,4.7
46,Wyndel Apartments - St Kilda Views One Bedroom apartment Balcony/Gym,MELBOURNE,205,5.0
47,Fulton Lane  Luxury Apartment with a View in the CBD,MELBOURNE,174,5.0
48, Perfect Location Spacious 2BR Apt Near Flinders Station,MELBOURNE,177,5.0
49,EP4 - NEW SPACIOUS 1BR/1BTH - WIFI + NETFLIX!,MELBOURNE,180,4.3
50,U201 Brunswick Living Brand New Deluxe Balcony Upper Floor Apartment close to Airport and CBD,MELBOURNE,129,4.0
51,Ballarat Central Contemporary Apartments,BALLARAT,210,5.0
52,Stanbridge Cottage Daylesford,DAYLESFORD,209,4.9
53,CLOSE TO CENTRAL CITY OF BENDIGO,CITY OF GREATER BENDIGO,177,5.0
54,Elegant 1 bed 1 bath apartment free parking,MELBOURNE,180,5.0
55,Spacious 2 Bedroom Inner City Townhouse with Private Rooftop,MELBOURNE,296,4.9
56,Convenient City Apartment with Resort-style Extras,MELBOURNE,182,4.2
57,Spacious 1-BR CBD APT - BALCONY+NETFLIX!,MELBOURNE,167,4.7
58,The Dairy - Perfectly positioned right in the heart of town located behind the majestic Green Gables,CASTLEMAINE,214,4.6
59,Sun Valley 1A Studio,FALLS CREEK,193,4.9
60,Cozy Stay Cottage,HEPBURN SHIRE,195,4.2
61,Rendezvous Nexus Summ,SHIRE OF MURRINDINDI,221,5.0
62,Modern CBD Apartment - Free Secure Parking and Wifi,MELBOURNE,267,4.3
63,Wyndel Apartments -Southbank Views One Bedroom executive Balcony/Pool,MELBOURNE,175,4.6
64,Two BR Apt - 889 Collins St Waterfront Docklands,MELBOURNE,460,4.5
65,Serenity 11 - Room 4,SHIRE OF CARDINIA,103,3.5
66,North Melbourne Retreat,MELBOURNE,126,4.6
67,Leighton Bay Walk,METUNG,284,4.0
68,Elevated Plains Retreat 1,MOUNT FRANKLIN,244,4.8
69,Springfield Cottage - quiet getaway,SHIRE OF MACEDON RANGES,379,5.0
70,Albert Park Lake and MSAC 2min Walk Parking Balcony BBQ,MELBOURNE,261,4.2
71,New York style light filled large 1 bedroom in iconic heritage building,MELBOURNE,204,5.0
72,Self-isolate in country comfort,BALLARAT,102,5.0
73,Brand new 2 BD UNIT IN DEER PARK VIC CLOSE TO DEER PARK TRAIN STATION- FWY- CITY,MELBOURNE,201,5.0
74,Location location location !,BALLARAT,138,5.0
75,Mansi on Raymond Terrace Studio,SHIRE OF WELLINGTON,215,5.0
76,Unforgettable studio for family,GREATER GEELONG CITY,189,3.8
77,Village Apartment Yarraville -  Wifi Foxtel Secure parking,MELBOURNE,213,5.0
78,Homely Getaways @ Queen Vic Market,MELBOURNE,156,4.3
79,Richmond Hill Townhouse,MELBOURNE,224,5.0
80,Walk to the MCG The Tan Botanic gardens & train,MELBOURNE,204,4.8
81,Little Charles Fitzroy,MELBOURNE,497,5.0
82,Clayton One Bedroom Stylish Apartment FREE PARKING WIFI & FOXTEL,MELBOURNE,183,4.2
83,Cute cosy Gypsy Caravan with outdoor bath and firepit,WARBURTON,60,1.3
84,Modern St Kilda East 1 Bedroom Apartment - Free parking,MELBOURNE,206,5.0
85,Spacious Light Filled Apartment with City Views,MELBOURNE,162,4.1
86,Ocean Views  Top Location  Parking  Restaurants,MELBOURNE,461,5.0
87,Clean Modern Apartment 15 Mins From City on Tram,MELBOURNE,191,3.8
88,Walk to cafe wifi fenced court yard off street parking linen supplied,MELBOURNE,330,5.0
89,10A Brunswick Living Brand New Studio Unit- ground floor close to Airport & CBD,MELBOURNE,72,3.8
90,South Yarra 1 BDR Apt near ChapelSt shops and Cafe,MELBOURNE,230,4.4
91,In the heart of Melbourne City,MELBOURNE,193,3.8
92,U101 Brand new balcony apartment close to Airport & CBD,MELBOURNE,117,4.3
93,Oliver Lane - Boutique Accommodation - CBD,MELBOURNE,169,5.0
94,Elan Cottage with large corner spa,MELBOURNE,146,2.6
95,Art Deco Inspired 2 bedroom House with off street Parking,MELBOURNE,216,4.8
96,Lochiel Original Cottage (10 Persons Max),MELBOURNE,390,4.3
97,Apartment,MELBOURNE,175,4.3
98,Apartment 60m,MELBOURNE,220,4.5
99,Dylene Caravan Park - Family Cabin - No AirCon BYO Linen,PORTARLINGTON,215,4.2
100,Whitehorse Apartments Hotel,MELBOURNE,170,3.9
101,StayCentral Merigold on Collins,MELBOURNE,183,5.0
102,THE WHITE ROOM Fitzroy,MELBOURNE,243,4.8
103,CBD Collins St 2 bed near Southern Cross with Gym Pool & Spa,MELBOURNE,176,3.8
104,Stunning Studio Apt in Seddon,MELBOURNE,135,5.0
105,2 BR Modern Melbourne CBD Apartment,MELBOURNE,163,3.8
106,Stunning 2 bdrms  APT@ParkvilleFree carpark+wifi,MELBOURNE,189,4.4
107,Owen  'Owen' Soaring City Views | Central Location,MELBOURNE,436,5.0
108,Pure Beachfront Bliss,MELBOURNE,195,3.0
109,Musical Village Retreat : Paris Love Nest For Two,SHIRE OF BAW BAW,122,5.0
110,Lynwood Rural Retreat with beautiful gardens & farm animals,MELBOURNE,294,4.7
111,Richmond Warehouse Wonder,MELBOURNE,200,4.7
112,Yarra River Views & City Lights - Free Wifi & Netflix,MELBOURNE,164,5.0
113,luxury & comfort and safety: close to all with secure car park Bundoora,MELBOURNE,156,5.0
114,City Heights and Views,MELBOURNE,299,4.0
115,Annie's Escape in Warburton,WARBURTON,237,4.7
116,"""Vista"" - Pearl Apartments St Kilda",MELBOURNE,157,5.0
117,The Caulfield,MELBOURNE,209,4.4
118,Take a step back in time,SHIRE OF MACEDON RANGES,130,4.3
119,Brumby Townhouse Dinner Plain,DINNER PLAIN,162,5.0
120,Absolute Lakeside Self-Contained Luxury Apartment,DAYLESFORD,364,4.3
121,Circa Red London Daylesford   TOWN CENTRE,DAYLESFORD,257,4.5
122,Clean + Bright Apartment in the Heart of the City,MELBOURNE,184,3.8
123,Madam Saddler A Gorgeous Accommodation In Clunes.,HEPBURN SHIRE,287,5.0
124,LuxuryBrandNew3Bedroom:HotTubPoolBarWiFi&CarPark,MELBOURNE,306,4.4
125,Newport Leadlight Haven,MELBOURNE,154,4.9
126,Scandi Stayz Retreat 1,TAWONGA SOUTH,206,4.4
127,"""ABODE 316"" NEW boutique 2 Bedroom 2 Bathroom",MELBOURNE,424,4.8
128,Family-friendly Apartment in Green Glen Iris,MELBOURNE,184,3.4
129,LITTLE ABODE ON ADENEY FREE WIFI PET FRIENDLY,MELBOURNE,209,5.0
130,ASHLAR @ Manna Gums - Romantic/Fire/Spa Escape - Daylesford,DAYLESFORD,251,4.9
131,ormond stunner-- the heart of southeast melbourne,MELBOURNE,111,3.8
132,Apartments Of Waverley - 1 Bed Apartment Free Wifi & Parking,MELBOURNE,204,5.0
133,Hilltop Tiny House Su,SHIRE OF MITCHELL,127,4.5
134,Shadow Play@Lv36/2BR near Crown with Ocean View,MELBOURNE,318,4.6
135,Quiet haven lively precinct,MELBOURNE,219,4.8
136,Elsinore Ballarat - self contained apartment,BALLARAT,199,4.8
137,Retro mid century home in historic gold-fields township.,MALDON (VICTORIA),167,5.0
138,"""Abbey Road"" - Pearl Apartments",MELBOURNE,139,5.0
139,Rest Haven,SHIRE OF SOUTH GIPPSLAND,160,4.4
140,City View South Yarra Apart*CarPark*Netflix*Wine,MELBOURNE,201,4.8
141,Great Southbank apartment with stunning view,MELBOURNE,161,4.7
142,Ground Floor Apartment with Courtyard WiFi and Off Street Parking,MELBOURNE,113,5.0
143,Richmond Apartment with Parking - Walk to MCG,MELBOURNE,133,4.4
144,One bedroom unit in Camberwell. Off street parking.,MELBOURNE,185,4.8
145,The Nook Studio Apartment,MELBOURNE,158,5.0
146,Lakeside Villas Nagambie,NAGAMBIE,296,2.6
147,ouble Room with Private Bathroom and Kitchenette near Murray River,SHIRE OF MOIRA,83,3.8
148,villa 2 fully self contained,GOLDEN BEACH (VICTORIA),177,4.5
149,Brand New Luxury Studio Apartment on Gregory Street,BALLARAT,125,4.8
150,Stylish Southbank Apartment,MELBOURNE,206,5.0
151,Comfortable clean and charming St Kilda studio with Wifi and bikes,MELBOURNE,132,3.8
152,Lavender Suite at Sage Cottage The Oaks Lilydale,MELBOURNE,191,5.0
153,Perfectly located in the heart of the Melbourne CBD,MELBOURNE,240,5.0
154,Shocko 1 - Boutique Accommodation - CBD,MELBOURNE,226,5.0
155,Ultra-Modern Luxury With Views At Kai Waterfront,MELBOURNE,188,3.2
156,Stone's Throw Cottage B&B Belgrave,MELBOURNE,219,4.8
157,BOUTIQUE STAYS  The Residence,MELBOURNE,570,5.0
158,DeeeLuxe - soo.. sophisticated,MELBOURNE,193,3.5
159,Deluxe Modern New Apartment@Melbourne New Landmark,MELBOURNE,279,5.0
160,"""Claremont"" - Pearl Apartments",MELBOURNE,139,4.8
161,City Edge Apartment Spacious Terrace Views to Melbourne City,MELBOURNE,213,5.0
162,Studio apartment in desirable tree lined locale. Walk to Hospital & town,BENDIGO,117,4.9
163,Artistic Apartment in Sunny Elwood near St Kilda,MELBOURNE,211,3.8
164,Mt Buller Prime Location Ski in Ski Out,MT BULLER,535,4.8
165,A Serene & Cozy CBD Suite near Southern Cross,MELBOURNE,579,5.0
166,One bedroom in Neo with city balcony!,MELBOURNE,138,5.0
167,The Barkly on the fringe of Melbourne,MELBOURNE,202,4.8
168,Geilo Snow Holiday Unit,FALLS CREEK,330,4.9
169,Homely Albert Park Suite Next to Grand Prix Circuit,MELBOURNE,406,5.0
170,By George! Super cool  St Kilda loft,MELBOURNE,168,5.0
171,Stylish & Sunny with house like proportions,MELBOURNE,183,5.0
172,Peel Cottage Bed & Breakfast,BALLARAT,165,5.0
173,Daysend Cottages - Merrijig,MERRIJIG,378,5.0
174,A Modern & Cozy Suite with Beautiful City Views,MELBOURNE,587,3.9
175,Melbourne short stay- Burwood Deakin Uni-Burwood,MELBOURNE,61,2.9
176,Central Clean and Convenient Unlimited WiFi,MELBOURNE,55,3.8
177,Modern 2 bed apartment in trendy Collingwood,MELBOURNE,233,3.3
178,Albert Park: close to everything yet quiet and relaxing,MELBOURNE,127,5.0
179,master bedroom with ensuite in frankston walk to cbd updated bathroom & kitchen,FRANKSTON,121,5.0
180,For the discerning traveller who appreciates the best quality and style!,MELBOURNE,267,5.0
181,"Sanctuary  ""Sanctuary"" Resort-Style on the Banks of the Yarra",MELBOURNE,259,5.0
182,Views and hotel-style extras in a great location,MELBOURNE,187,5.0
183,Chestnut Daylesford Centrally Located,DAYLESFORD,328,4.5
184,The Eyrie at elevation652 at Mt Bellevue,RURAL CITY OF WANGARATTA,307,5.0
185,Loft Apartment Bond Quarter,MELBOURNE,233,4.8
186,Apartment 45m,MELBOURNE,153,3.8
187,Quiet and private spacious 1 bedroom in prestigious Hawthorn street,MELBOURNE,114,4.6
188,Frogsong Strawbale Cottage BLUE ID p7318970,GOUGHS BAY,119,3.9
189,Penthouse in Northcote,MELBOURNE,203,3.4
190,Vintage Heaven - located at Healesville,HEALESVILLE,210,5.0
191,Modern 1-BR Apartment + Seaview!,MELBOURNE,157,4.7
192,Alpino Apartments Marysville,MARYSVILLE (VICTORIA),276,4.8
193,Balwyn Views Apartments,MELBOURNE,189,5.0
194,Village BELLE Stunning home in Yarraville Village,MELBOURNE,282,4.8
195,"""206 Studio on Acland"" - Pearl Apartments",MELBOURNE,135,5.0
196,Stylishly appointed Family Executives Parking Cafes 350m Public Transport,MELBOURNE,305,4.7
197,Petite and Sweet Pad close to St Kilda Beach,MELBOURNE,129,4.7
198,Homewood Apartment-Self contained apartment,CITY OF GREATER SHEPPARTON,102,5.0
199,CONVENIENCE in Melbourne CBD 1BR Apt + FREE WIFI,MELBOURNE,257,3.1
200,Nelse Lodge,FALLS CREEK,190,4.5
201,Long Stay Discount Parking Degraves St Corporates FamiliesCouples Shopping,MELBOURNE,342,4.5
202,Waterfront 2 Bedroom - Freshwater Place,MELBOURNE,389,4.6
203,Stylish 2-bed 2 bath with free parking+pool+gym+wifi,MELBOURNE,251,4.5
204,Light airey 2 storey 2 deck penthouse in Collingwood nr cafes restaurants trams,MELBOURNE,345,5.0
205,Forget Me Not Moonlight Blue Miners' Cottage Daylesford,DAYLESFORD,181,4.8
206,Upper West Side - Madison,MELBOURNE,271,4.9
207,Apartments @ Port of Sale 2 bedrooms,SHIRE OF WELLINGTON,210,4.7
208,Elegant 2BR@Footscray Station,MELBOURNE,216,5.0
209,Bungunyah Apartments: Margriet,MELBOURNE,200,5.0
210,Melbourne Chinatown 2 bedrooms APARTMENTs,MELBOURNE,237,5.0
211,Stylish 2 bedroom Victorian terrace 1860's old charm & modern renovation!,MELBOURNE,431,5.0
212,StayCentral in Brunswick & Parkville 2Br near cafes restaurants shops bars trams,MELBOURNE,278,4.5
213,The Hive Graffiti Apartments,MELBOURNE,169,4.8
214,Bungunyah Apartments: Kaori,MELBOURNE,209,4.6
215,Brand New APT with Sea Views in Heart of St Kilda,MELBOURNE,207,3.8
216,Modern Apartment - Southbank,MELBOURNE,285,4.4
217,Wheelchair Accessible 1 Bedroom Apartment,MELBOURNE,162,3.8
218,Blue Rosella on Piper,KYNETON,276,4.6
219,Luxury Art Deco Lifestyle,MELBOURNE,235,4.8
220,Beachfront Apartment Elwood,MELBOURNE,182,3.8
221,StayCentral on Northcote Hill views shops trams,MELBOURNE,327,5.0
222,'Bogong' a romantic chalet for couples,DINNER PLAIN,455,4.9
223,"""Sea Breeze"" - Pearl Apartments St Kilda",MELBOURNE,102,5.0
224,DesignLife :Spacious Design Location,MELBOURNE,220,5.0
225,Cozy APT Opposite Southern Cross station,MELBOURNE,258,3.9
226,Family Friendly: Feed your soul : Cosy and warm.,SHIRE OF MOORABOOL,123,4.5
227,Hawthorn East 2 Bedroom Apt Wifi Netflix Parking quiet,MELBOURNE,120,4.1
228,Light-Filled Beachside Apartment in Trendy Area,MELBOURNE,155,5.0
229,8 minutes Walk to clayton train station close to monash medical center.,MELBOURNE,180,4.2
230,Briar Hill Accommodation,MELBOURNE,149,4.5
231,BOUTIQUE STAYS  Ace's Place - perfectly located near Chapel and Swan streets,MELBOURNE,214,4.2
232,Kiss me by the City-quiet & pretty inner city retreat to unwind & rejuvenate,MELBOURNE,331,3.2
233,The Residence - Domain,MELBOURNE,460,4.7
234,Whole Apartment right in the heart of Melbourne,MELBOURNE,233,4.8
235,Delightful Cozy & Modern House,MELBOURNE,159,4.2
236,Blackburn Holiday Apartment 5,MELBOURNE,136,4.2
237,Serena Cottages 361 reids way,SHIRE OF INDIGO,165,4.8
238,Bright Apartment with City Views in Trendy Locale,MELBOURNE,169,2.6
239,Sublime Southbank - Incredible Views and Location,MELBOURNE,381,4.9
240,CORONET CASTLE PET FRIENDLY,CORONET BAY,391,5.0
241,Avant  Sleek CBD Apartment with Skyline Views,MELBOURNE,182,2.6
242,4-Poster Bed Room in Mountain Cottage,WARBURTON,56,4.1
243,Spacious apartment within minutes of Acland Street,MELBOURNE,168,4.2
244,Airport West Stunner,MELBOURNE,430,5.0
245,Charan Lane Comfortable Townhouse in Heritage Inner Suburb Location,MELBOURNE,309,5.0
246,Boutique Stays - Victorian Vogue Richmond House,MELBOURNE,636,4.8
247,Bungunyah Apartments: Waratah,MELBOURNE,209,5.0
248,St Kilda  Home away from Home 2BR,MELBOURNE,163,5.0
249,Architecturally Designed 2 Bedroom Apartment,MELBOURNE,354,4.8
250,Clarendon Towers - 2 bedroom apartment,MELBOURNE,315,4.3
251,Seaside Melbourne accommodation,MELBOURNE,132,3.2
252,TOP DECK APARTMENT - PORTSEA,MELBOURNE,379,4.4
253,Merrimont Downs - Country Escape - set on magnificent acreage property,MERRIJIG,497,5.0
254,Modern 1 Bedroom Apartment In Tranquil Parklands,MELBOURNE,149,3.8
255,DeBeers Townhouses Bendigo,BENDIGO,188,5.0
256,Modern & Stylish Apartment in the heart of Melbourne| Pool Gym Sauna,MELBOURNE,167,4.6
257,Self contained two-bedroom unit in a bush garden setting,MELBOURNE,195,5.0
258,Perfect Location - 2 Bedroom Modern Unit,BENDIGO,160,4.7
259,Close to Everything Entire St Kilda Queen Bed Apartment,MELBOURNE,130,4.5
260,Bungunyah Apartments: Maasai,MELBOURNE,209,5.0
261,A Modern 2BR Apt 5-min Walk to Melbourne Central,MELBOURNE,177,4.6
262,Courtyard Cottage - charming heritage self-contained hideaway,HEALESVILLE,412,4.2
263,Les Chalets 14 - Ski in Ski out,FALLS CREEK,236,4.8
264,Melbourne Airport - 1 bedroom Apartment,MELBOURNE,117,3.2
265,Betty's Place - Accommodation in Heyfield,SHIRE OF WELLINGTON,171,5.0
266,Heatherlie Cottages Halls Gap,HALLS GAP,179,4.8
267,Private suite with garden and river views,MELBOURNE,117,4.2
268,Contemporary Luxury With Views At Maya Waterfront,MELBOURNE,236,3.2
269,Amazing 3 Bedroom Apartment in Melbourne Central CBD!,MELBOURNE,271,4.8
270,Pride Fawkner Apt Bay-view 4 Free PARKING+POOL PaperRolls HandWash * Mask,MELBOURNE,232,4.5
271,Melbourne Soul 108 sleeps 2-6,MELBOURNE,187,4.9
272,Modern 1 Bedroom Apartment With Rooftop Terrace And Spa,MELBOURNE,181,2.6
273,Stunning 2 Bed 2 Bath Apartment at St Kilda Free WiFi Carpark,MELBOURNE,171,4.5
274,B&B on Piper - Beautiful Cottage Accommodation,KYNETON,265,4.7
275,Plough Cottage Country getaway,HOWQUA INLET,287,4.1
276,Comfy 2BR Suite Near Flemington Races FREE Parking,MELBOURNE,471,4.5
277,Lovely Classic Apartment Steps From Beach,MELBOURNE,175,5.0
278,Willowbank at Taggerty,SHIRE OF MURRINDINDI,309,4.8
279,House on the Red Hill,RED HILL SOUTH,774,5.0
280,RACV Cape Schanck Resort,CAPE SCHANCK,654,4.5
281,Melbourne River Views,MELBOURNE,330,4.6
282,Toolebewong Farm Cottage,SHIRE OF YARRA RANGES,182,4.9
283,Somerset Residential Apartment,MELBOURNE,154,4.7
284,Dawn's Retreat near the Murray,SHIRE OF INDIGO,131,5.0
285,Quiet and comfortable townhouse - walk to river tram and Highpoint Shopping,MELBOURNE,158,5.0
286,Modern 2-Bedroom @ Southbank & Crown Casino *FREE PARKING + WIFI*,MELBOURNE,214,3.8
287,Vaughan St Guest House Shepparton - Central location long term stay reduced rate,SHEPPARTON,165,4.5
288,Romantic Getaway with Spa and Gardens,SASSAFRAS,307,2.6
289,2BR Suites on Bourke Perfect Location Views,MELBOURNE,177,4.0
290,Walk to Elwood beach and village,MELBOURNE,176,2.6
291,EAST MELBOURNE TERRACE,MELBOURNE,747,3.8
292,Blackburn Holiday Apartment 4,MELBOURNE,115,4.6
293,"""Retreat & Relax @ 128""- Mildura Holiday & Corporate Accommodation",MILDURA VIC,240,4.8
294,Tullaburra Farm Stay and Horse agistment,SHIRE OF MOORABOOL,150,4.8
295,CHIC APARTMENT- CLOSE TO BEACH,MELBOURNE,161,4.8
296,Ravenswood-an iconic Drouin property,SHIRE OF BAW BAW,179,5.0
297,Princes off Chapel in Prahran 2BR with CBD Views,MELBOURNE,180,5.0
298,BOUTIQUE STAYS  Central Park,MELBOURNE,633,4.6
299,Luxury Apt in Southbank,MELBOURNE,300,5.0
300,50th Floor sub penthouse in front of Casino!,MELBOURNE,756,3.8
301,Scandi Stayz Retreat 3,TAWONGA SOUTH,210,2.6
302,One Fine Day We Shall See,MELBOURNE,243,4.6
303,Melbourne Star - central city location - sleeps 5,MELBOURNE,273,4.0
304,"""Carlisle"" - Pearl Apartments St Kilda",MELBOURNE,201,4.7
305,Deluxe 1 Bedroom Twin Apartment & Double Sofa Bed,MELBOURNE,172,4.1
306,Sleek Skyline View Apartment Ideal for City Break,MELBOURNE,454,4.4
307,165 On Bogong - self contained unit,BALLARAT,206,4.2
308,Harbour Escape Apartments Docklands,MELBOURNE,238,4.4
309,A Comfy 2BR Apt with a Panoramic View of the City,MELBOURNE,153,3.9
310,Beach Stay Apartment Melbourne City & Port,MELBOURNE,217,5.0
311,Birches Serviced Apartments,MELBOURNE,175,4.2
312,Oversized Apartment Close to City Parks MCG,MELBOURNE,292,3.9
313,ABODE ON ADENEY FREE WIFI / PET FRIENDLY,MELBOURNE,426,4.9
314,Stunning farmstay in beautiful Harcourt Hills,CITY OF GREATER BENDIGO,149,4.7
315,The Royal Absolute Ripper,MELBOURNE,140,4.7
316,Ultimate location  parking and public transport shopping and restaurants,MELBOURNE,306,3.8
317,executive   Shepparton,SHEPPARTON,226,5.0
318,Very Spacious apartment in city centre close to tourist attractions,MELBOURNE,265,3.5
319,Riverside apartment overlooking parkland with river views.  Near transport,MELBOURNE,155,4.8
320,Superb St Kilda Location 2BR Renovated Art Deco Family-Friendly Quiet Street,MELBOURNE,268,4.8
321,Lake Apartments - Metres to Lake Wendouree,BALLARAT,178,4.7
322,Long Stay Discount Parking Great Family Getaway Close to Zoo Spa Bath BBQ,MELBOURNE,364,4.7
323,AHA @ Port of Sale 12 or 3 bedroom,SHIRE OF WELLINGTON,243,5.0
324,Readyset on Spencer,MELBOURNE,152,4.0
325,Cityside - StayCentral,MELBOURNE,299,3.8
326,Seaside Boutique Accommodation just moments to Seaford Beach,MELBOURNE,298,5.0
327,"Laurent  ""Laurent"" Balcony Views | Steps from Laneway Vibes",MELBOURNE,422,3.8
328,LuxuryBrandNew2Bedroom:HotTubPoolBarWiFi&CarPark,MELBOURNE,360,3.4
329,2BR Apt Central to Everything in Melbourne CBD w/ CITY VIEW + POOL,MELBOURNE,441,4.4
330,3 Bedroom Family Apartment in the heart of Southbank,MELBOURNE,544,4.7
331,Melbourne Central - StayCentral,MELBOURNE,278,4.3
332,Modern Cottage in Maryborough,MARYBOROUGH (VICTORIA),133,4.0
333,Cove Holiday House quiet near golf club & beach,COWES (VICTORIA),411,4.4
334,BUXTON BEAUTY - Central location river views,SHIRE OF MURRINDINDI,286,4.7
335,NY Style Living &  FREE Secure Car Parking,MELBOURNE,379,2.6
336,Sambuca 5 Mount Hotham,HOTHAM HEIGHTS,686,4.9
337,Gracefield Estate 2 Bedroom Private Cottage,SHIRE OF BAW BAW,442,5.0
338,Docklands 1 Bedroom Pool and Gym,MELBOURNE,192,5.0
339,"""Bliss"" - Pearl Apartments",MELBOURNE,136,4.3
340,Central View - Walking Distance to the Fountain,BENDIGO,185,4.4
341,Perfectly Located Gorgeous St Kilda Queen Bed Apartment,MELBOURNE,131,4.6
342,Cozy & Brand New Western Apartment,MELBOURNE,171,2.3
343,Bienvenu- Self Contained Cottage,HALLS GAP,119,3.6
344,Near Federation Sq Flinders St Station restaurants shopping & graffiti alleys,MELBOURNE,112,4.7
345,Fitzroy north oasis - 3 bedroom  apartment,MELBOURNE,170,4.7
346,The Forrest Cottage in Wheatsheaf,HEPBURN SHIRE,414,5.0
347,Iris Cottage - 24 Prince Street Myrtleford,MYRTLEFORD,269,5.0
348,Designer 3 Bedroom Heritage Central Melbourne CBD,MELBOURNE,338,4.8
349,BIG4 Bendigo Park Lane Holiday Park,CITY OF GREATER BENDIGO,129,4.2
350,TREE TOP - Marysville VIC,MARYSVILLE (VICTORIA),278,4.0
351,Readyset on Upper West Side,MELBOURNE,139,3.9
352,Convenience and Luxurious Comfort in Carnegie,MELBOURNE,333,3.8
353,Wahroonga - in Central Carlton,MELBOURNE,328,5.0
354,2 BR Modern Apartment Melbourne CBD!,MELBOURNE,162,2.6
355,New - Blue Jay in the heart of Daylesford,DAYLESFORD,420,5.0
356,Two story mudbrick home nestled in the Dandenong Ranges.,MELBOURNE,289,4.2
357,Gum Tree View - Welcoming Quiet Getaway Near Boutique Shops,HEALESVILLE,249,4.9
358,Cosmo Stays - Spacious 3-bedroom deluxe townhouse,MELBOURNE,384,4.8
359,The Ritz- large St Kilda apartment w amazing views,MELBOURNE,274,4.8
360,Opposite the beach with Wifi and secure undercover carpark,MELBOURNE,160,4.1
361,Southbank high-rise residence,MELBOURNE,258,3.6
362,Exotic Forest's Edge Sanctuary - Entire 3 Bedroom Cottage,HEALESVILLE,409,4.5
363,3 Bedroom Apt Convenient Location,MELBOURNE,354,5.0
364,City Stay at Melbourne Tower - Southbank **3BR+High Speed WiFi+Netflix+Parking**,MELBOURNE,414,4.9
365,Apartment Geilo 4 Excellent value,FALLS CREEK,387,5.0
366,Smart apartment in elegant suburb close to city,MELBOURNE,230,1.8
367,Dartmouth Mountain Retreat,SHIRE OF TOWONG,132,3.8
368,Apartment 390m,MELBOURNE,231,4.9
369,Quiet & Peaceful 3bed2bath HOME @Keilor Downs,MELBOURNE,249,5.0
370,HUSKI 2: Ideal Family & Friend Accommodation - Mt Buller Village,MT BULLER,498,5.0
371,Numurkah Self Contained Apartments  - The Saxton,SHIRE OF MOIRA,143,5.0
372,Sophisicated Family Oasis in Richmond,MELBOURNE,792,5.0
373,Sun Apartments - Mt Hotham,HOTHAM HEIGHTS,292,4.8
374,LonsdaleStar:New2bed2bath High Floor View+CarPark+PoolGym,MELBOURNE,246,3.1
375,The Cottage at the Colonial,SHIRE OF MOIRA,265,4.4
376,Tiptre - at Blampied,HEPBURN SHIRE,221,4.0
377,Two Bedroom one bath room Standard  Cityview/Free Parking,MELBOURNE,263,4.4
378,"An ideal place to live while renovating. 
Classy 4bed/ 2bth",MELBOURNE,384,5.0
379,Melbourne's Crown Jewel 'The Victoria' - 4 Bedroom Rooftop Penthouse,MELBOURNE,3495,5.0
380,Beaumont Grange House,MELBOURNE,138,3.0
381,Cosy Mount Hotham Retreat,HOTHAM HEIGHTS,231,4.6
382,Shop Til You Drop At Sleek Unit In Hip Area,MELBOURNE,163,1.3
383,Hollywood Haven Mildura,MILDURA VIC,218,3.8
384,For a good time or a long time,BALLARAT,186,4.4
385,Magnolia House: 4BR 2 free car parking spaces & big backyard,MELBOURNE,554,5.0
386,Homely Getaways - Central Mildura,MILDURA VIC,725,3.5
387,Clyvemore - Luxurious boutique accommodation in the heart of the Ballarat.,BALLARAT,206,5.0
388,Whistler 1C 2 Bedrooms 2 Bathrooms,MT BULLER,420,3.8
389,930 Big House OnTheBeach-30 metres Beach/Shops/Pub/Resturants-Leave Car Behind,MELBOURNE,1915,5.0
390,Ballarat BreakAway Short Stays -Beautiful Comfortable Accommadation.,BALLARAT,234,4.9
391,Luxury 4 bedroom Townhouse in Glen Waverley,MELBOURNE,324,5.0
392,Sawmill Mountain Retreat- dcs retreats,MERRIJIG,420,4.5
393,Eureka Ski at Mount Hotham,HOTHAM HEIGHTS,276,4.7
394,Golf View Charm - Large two story House,MELBOURNE,215,4.0
395,Spacious natural light filled 4BDR house in a CENTRAL location,MELBOURNE,256,5.0
396,A701 TWIN TOWERS: Mt BULLER VILLAGE Ski In / SkOut,MT BULLER,582,5.0
397,Luxury Accommodation,MILDURA VIC,542,4.9
398,Bluebell Apartments in Box Hill Melbourne,MELBOURNE,139,1.3
399,ResortStyle 4BR House with parking@Werribee,MELBOURNE,265,5.0
400,Keppt Holiday Cottage,MERRIJIG,331,5.0
401,Park Lane Apartment East Melbourne,MELBOURNE,387,4.8
402,Triggerplant 3-DPA,DINNER PLAIN,200,4.7
403,Two Truffles Cottages,SHIRE OF YARRA RANGES,226,4.4
404,Stylish Renovated Edwardian Home in Kew.,MELBOURNE,180,5.0
405,GIPPSLAND HOLIDAY STAY TRARALGON,LATROBE CITY,203,5.0
406,The Grainger Fitzroy,MELBOURNE,1009,5.0
407,Sun Apartments - Mount Hotham,HOTHAM HEIGHTS,308,5.0
408,Bungunyah Apartments: Cotton,MELBOURNE,303,4.7
409,Well suited to families couples individuals conference and others,BALLARAT,248,5.0
410,Exclusive Stays - SouthbankONE II,MELBOURNE,665,4.4
411,Lakes Entrance Holiday Units,LAKES ENTRANCE,253,2.8
412,Azalea House - Family Accommodation,WARBURTON,334,3.6
413,SPACIOUS 3BR/2BTH CBD APT + WIFI + VIEW!,MELBOURNE,452,5.0
414,D118 Cawood Family Stay,MELBOURNE,219,5.0
415,THE WINDSOR Executive 2.5 Bedroom Freshwater Place,MELBOURNE,706,5.0
416,Entire house with unlimited WIFI and NETFLIX in the heart of Eastern Suburbs,MELBOURNE,408,5.0
417,Gifford chalet dog friendly.,HARRIETVILLE,508,5.0
418,Mulberry - Walk to MCG & Heart of Richmond,MELBOURNE,457,4.8
419,Cadeau at Merrijig - The Base of Mount Buller,MERRIJIG,468,4.9
420,Luxury Holiday House in the Inner City,MELBOURNE,867,4.8
421,Bristol House Accommodation UNIT,MARYBOROUGH (VICTORIA),179,4.2
422,Mawson 5 Family Apartment close to Ski School,MT BULLER,572,5.0
423,Himalayinn - Ski lodge or Alpine retreat,MERRIJIG,827,4.6
424,The Amazing Wiltshire of warehouse conversion!,MELBOURNE,259,3.3
425,Brunswick Getaway walking distance to bars cafes restaurants,MELBOURNE,165,5.0
426,Torquay Surfcoast  Victoria,TORQUAY (VICTORIA),1567,5.0
427,Box Hill accommodation,MELBOURNE,154,4.0
428,Sunny Sunday Getaway,SHIRE OF MITCHELL,203,5.0
429,Quiet Comfortable Family House in Melbourne Great Ocean RdTourist stopover,MELBOURNE,207,4.2
430,Wirraway Farm-stay,SHIRE OF MITCHELL,134,4.9
431,Fire & Ice - At the base of Mt Buller,MERRIJIG,414,5.0
432,Alpine Edge Chalet - alpine-getaways,DINNER PLAIN,1368,5.0
433,Murmeli Falls Creek,FALLS CREEK,183,4.3
434,Gorgeous family retreat,MELBOURNE,247,3.3
435,"Red Rock of Alvie- ""Aviemore"" heavenly and hidden retreat",SHIRE OF COLAC OTWAY,370,4.5
436,Stay Belgravia -  9 bedroom house,MELBOURNE,678,5.0
437,Hawthorn Holiday House,MELBOURNE,280,3.8
438,Ski Break Luxury Chalet - Dinner Plain,HARRIETVILLE,849,5.0
439,Spacious Lovely 4 Bed Room Family Home,MELBOURNE,357,4.4
440,Boutique Stays - Brighton Abode,MELBOURNE,417,2.3
441,Halen's hourse,MELBOURNE,75,4.0
442,Queens Lakeside Apartment,MELBOURNE,287,4.8
443,BLAIRGOWRIE GEM .....,BLAIRGOWRIE,1135,3.8
444,Melbourne Luxury Villa at Doncaster,MELBOURNE,398,4.6
445,Luxurious apartment at Hardware Lane 3 Bed Gym Pool and many more,MELBOURNE,554,4.9
446,D103 Lemon tree house,MELBOURNE,232,3.8
447,Hudson@Stockmans Mansfield Vic,MANSFIELD (VICTORIA),847,5.0
448,Federation Square Apartments - Breathtaking View,MELBOURNE,311,5.0
449,Studio 4 - Saint George Accommodation,MELBOURNE,99,4.2
450,Chum Creek Hut,SHIRE OF YARRA RANGES,350,4.8
451,MERINDA - minil & merinda chalets,MERRIJIG,527,4.5
452,Summit Ridge Alpine Lodge,FALLS CREEK,216,4.6
453,Spacious Lovely 5Beds home@Point Cook,MELBOURNE,266,3.8
454,Inner City Oasis on Buckingham,MELBOURNE,305,5.0
455,Alice Manor 3---New & Up market high quality,MELBOURNE,371,4.2
456,The Blue Barn,DAYLESFORD,252,4.5
457,Best Western Fawkner Suites & Serviced Apartments,MELBOURNE,136,4.7
458,Accommodation in Melbourne,MELBOURNE,362,4.5
459,Toolebewang Farm Cottage,SHIRE OF YARRA RANGES,234,4.5
460,Madam Saddler - On Fraser Clunes,HEPBURN SHIRE,272,5.0
461,Eastern Hill Creswick,CRESWICK,138,4.4
462,165 On Bogong,BALLARAT,250,4.9
463,Gravity Tower,MELBOURNE,199,4.4
464,Koovelly Garden Studio,DAYLESFORD,232,4.7
465,Elizabethan Lodge,MELBOURNE,99,4.1
466,Space for all in Southbank - 3 Bedroom Apartment,MELBOURNE,244,3.1
467,Apple House,MELBOURNE,69,4.2
468,Gunyah Valley Retreat,CITY OF GREATER BENDIGO,140,4.7
469,Castlemaine Central Cabin & Van Park,CASTLEMAINE,118,4.4
470,Ballarat cottages incorporating yarrowee cottage and Admirals cottage,BALLARAT,150,4.7
471,The Garden Room,DAYLESFORD,222,4.5
472,Aparment Sky Home,MELBOURNE,251,5.0
473,Poets Lodge Boutique Group Stays and Events,DAYLESFORD,2224,5.0
474,The home is only 30 minutes from Melbourne Airport.,SHIRE OF MACEDON RANGES,202,4.7
475,Discovery Parks  Melbourne,MELBOURNE,115,4.3
476,Melbourne Fitzroy Terrace,MELBOURNE,415,4.7
477,RiverCottage-selfcontained,MARYSVILLE (VICTORIA),215,4.2
478,Apple House Upper Point Cook,MELBOURNE,89,4.5
479,Majella Chalet alpine-getaway,DINNER PLAIN,1674,5.0
480,Large Quiet Art Deco Apt Camberwell,MELBOURNE,200,5.0
481,Airport Tourist Village Melbourne,MELBOURNE,77,4.4
482,Homely Getaways - Eighth Street Mildura,MILDURA VIC,797,3.0
483,ELKHORN 17: Modern Family Accommodation - Mt Buller Village,MT BULLER,434,3.8
484,Spencer Street Apartments,MELBOURNE,236,4.5
485,Lake Hamilton Motor Village and Caravan Park,HAMILTON (VICTORIA),139,4.5
486,Apartments Of Waverley,MELBOURNE,154,4.5
487,MARK 11 2W: Executive Accommodation - Mt. BULLER VILLAGE:,MT BULLER,631,3.8
488,The Recovery Room with Luxury Indoor Spa,DINNER PLAIN,778,4.3
489,Lakeview On Sycamore,MELBOURNE,192,4.8
490,Somerset on Elizabeth Melbourne,MELBOURNE,184,4.4
491,Secret Cottage,HEALESVILLE,200,4.6
492,Mornington Peninsula Retro Glamping,RYE (VICTORIA),173,4.3
493,Melbourne Holiday Apartments Flinders Wharf,MELBOURNE,176,4.6
494,MY80 Apartment located in the inner of Melbourne CBD,MELBOURNE,130,5.0
495,Indulge Apartments - Langtree,MILDURA VIC,174,4.2
496,Orange Stay Apartments,MELBOURNE,201,4.3
497,Apartments @ 57 City,MELBOURNE,157,4.3
498,A big house for big group,MELBOURNE,293,5.0
499,Park Avenue - IKON Glen Waverley,MELBOURNE,120,4.3
500,Oaks Melbourne on Lonsdale Suites,MELBOURNE,120,4.3
501,Daylesford Holiday Park,DAYLESFORD,132,4.1
502,De'Vine Escape,SHIRE OF YARRA RANGES,182,4.0
503,Boutique Stays - Zinc 501 Port Melbourne,MELBOURNE,280,5.0
504,Canvas Suites on A'beckett,MELBOURNE,159,4.2
505,BIG4 Shepparton Park Lane Holiday Park,CITY OF GREATER SHEPPARTON,158,4.2
506,Country Getaway Neerim South,SHIRE OF BAW BAW,226,4.8
507,Mantra Lorne,LORNE,432,4.1
508,Lovely home,MELBOURNE,159,4.1
509,Boutique Stays - South Yarra Lane,MELBOURNE,345,5.0
510,Alexandra Tourist Park,SHIRE OF MURRINDINDI,138,3.9
511,Golden Country Motel and Caravan Park,MARYBOROUGH (VICTORIA),141,3.8
512,Platinum City Serviced Apartments,MELBOURNE,177,4.0
513,Luxury Penthouse 3BDR Inner City  LRG Group  WIFI,MELBOURNE,1294,2.6
514,The Glen Family House,MELBOURNE,310,1.3
515,Homely Getaways @ Swanston Square,MELBOURNE,237,4.1
516,McKillop Geelong by Gold Star Stays,GEELONG,163,3.7
517,Triggerplant 1-DPA,DINNER PLAIN,145,4.1
518,Frankie306,MELBOURNE,243,4.6
519,CBD Little Paris - StayCentral,MELBOURNE,234,4.3
520,Boutique Stays Sandyside- Sandringham Villa Units,MELBOURNE,280,4.3
521,Boutique Stays - Carlton Terrace,MELBOURNE,280,4.5
522,Boutique Stays - Buckingham,MELBOURNE,326,4.8
523,A-Line Holiday Park,CITY OF GREATER BENDIGO,91,4.5
524,Boutique Stays - Somerset Terrace Townhouse in Richmond,MELBOURNE,290,5.0
525,Boutique Stays - Vox Terrace Prahran Apartment,MELBOURNE,244,4.0
526,Lifestyle Villages Traralgon,LATROBE CITY,98,4.3
527,Ski View 1: Funky Family Accommodation - Mt Buller Village,MT BULLER,516,4.4
528,Bacarra Heritage Cottage - 2 bed heritage home in Geelong,GREATER GEELONG CITY,267,5.0
529,Weathering Heights-Chalet In The High Country,DINNER PLAIN,497,4.8
530,BIG4 Dandenong Tourist Park,MELBOURNE,150,4.3
531,Northcote Hill - StayCentral,MELBOURNE,264,3.6
532,Darcy's Cottage on Piper,KYNETON,394,5.0
533,Insaa Serviced Apartments Dandenong,DANDENONG,268,4.0
534,Vineyard Retreat Mildura,MILDURA,550,4.7
535,Top FloorViewsYarraville2 bedroom2bathroom,MELBOURNE,246,4.3
536,NGV Art Centre Retreat - StayCentral,MELBOURNE,270,4.6
537,Boxhill,MELBOURNE,58,3.0
538,Cottage for 1 or 20 People,CAPEL SOUND,1896,4.5
539,Mansfield Holiday Park,MANSFIELD (VICTORIA),147,4.5
540,COMPLETE HOST Coventry St Apartments,MELBOURNE,321,4.4
541,Boutique Stays - Melrose Terrace Townhouse in North Melbourne,MELBOURNE,290,4.7
542,Cottage By The Bay ---Quick Response 24/7,MELBOURNE,1501,5.0
543,Superb Luxe 5BR house@Point Cook near lake,MELBOURNE,251,2.5
544,Your guest room in Keysborough,MELBOURNE,110,2.8
545,Warragul Gardens Holiday Park,SHIRE OF BAW BAW,142,4.6
546,Blairs-DPA,DINNER PLAIN,242,4.5
547,Boutique Stays  Sandy Breeze 1,MELBOURNE,391,4.8
548,StayCentral on Little Collins,MELBOURNE,282,4.7
549,StayCentral on Lonsdale,MELBOURNE,299,4.5
550,Brunswick Vibe - StayCentral,MELBOURNE,270,3.9
551,Boutique Stays - The Veronica,MELBOURNE,495,4.7
552,Boutique Stays - Roxys Place Prahran House,MELBOURNE,409,5.0
553,Boutique Stays-Murrumbeena Place 1,MELBOURNE,381,4.6
554,Boutique Stays - Elwood Hideaway,MELBOURNE,541,4.6
555,StayCentral on Nott,MELBOURNE,270,2.9
556,London Park Resort,MELBOURNE,350,4.3
557,91 Stevenson Court,YARRAWONGA,704,4.6
558,Smoko,DINNER PLAIN,242,4.3
559,Boutique Stays - Highviews,MELBOURNE,354,4.8
560,Quest Maribyrnong,MELBOURNE,149,4.5
561,Boutique Stays - Central Park South Melbourne Townhouse,MELBOURNE,427,5.0
562,Absinthe,DINNER PLAIN,458,4.6
563,Double Bridges,DINNER PLAIN,400,3.8
564,Belltrees,DINNER PLAIN,513,3.7
565,Square Bear-DPA,DINNER PLAIN,444,5.0
566,Classic 6BRM Villa in Melbourne,MELBOURNE,425,0.1
567,Cottage by the Sea ---Quick response 24/7,CAPEL SOUND,1514,1.3
568,Cozy charming and affordable,MELBOURNE,188,0.1
569,Tooroonga Park - Yarra Valley,SHIRE OF YARRA RANGES,331,5.0
570,Comfortable and Lovely Bodkin Cottage - Room 1,KYNETON,204,4.2
571,stand alone fully self contained spa cottage which accommodates 2 people,MELBOURNE,205,4.6
572,The Garden House at elevation652 at Mt Bellevue,RURAL CITY OF WANGARATTA,282,5.0
573,Harvest Home Bed & Breakfast,CITY OF GREATER SHEPPARTON,136,4.9
574,Santa Fe Ranch - peaceful getaway,TOLMIE,200,4.9
575,Heathcote Views with wifi  spabath & carport,SHIRE OF MITCHELL,512,4.9
576,Hideaway in the Hills ... MillDuck StrawBale B&B,CITY OF GREATER BENDIGO,254,5.0
577,"Josephine's Bed & Breakfast
Traditional in-home Bed & Breakfast",MELBOURNE,159,4.7
578,Casa Valeri in Warburton,WARBURTON,414,5.0
579,Fergusson Winery - Executive Suite,SHIRE OF YARRA RANGES,224,5.0
580,Terminus Hotel Healesville,HEALESVILLE,182,4.1
581,casa pizzini near the green,RURAL CITY OF WANGARATTA,160,4.0
582,The Mews - Charan Hills,SHIRE OF MITCHELL,205,4.8
583,Santhosa - a uniquely designed B & B,BASS COAST SHIRE,193,5.0
584,The Canberra Hotel - a Luxury Art Deco Oasis,BALLARAT,199,5.0
585,The Oxley Estate B&B,PORTARLINGTON,253,4.7
586,Austin Rise Bed and Breakfast,HEIDELBERG (MELBOURNE),170,4.8
587,Adina Apartment Hotel Melbourne,MELBOURNE,161,4.4
588,Leafield Cottages,SHIRE OF YARRA RANGES,187,4.7
589,Saladin Lodge,NARBETHONG,270,4.7
590,Allawah Bendigo,BENDIGO,125,4.4
591,Caroline Serviced Apartments Brighton,MELBOURNE,225,4.5
592,Quest Wodonga,WODONGA,128,4.5
593,Blazing Stump Motel & Suites,WODONGA,165,4.6
594,Lanbruk Richmond Hill,MELBOURNE,170,4.6
595,Sandy Hill Serviced Apartments,MELBOURNE,339,4.7
596,Carlton Lygon Lodge,MELBOURNE,126,4.3
597,Lifestyle Apartments at Ferntree,MELBOURNE,157,4.6
598,Tyrian Albert Park Lake,MELBOURNE,272,4.6
599,Quest Burwood East,MELBOURNE,131,4.6
600,Quest Sale,SHIRE OF WELLINGTON,134,4.5
601,Avani Melbourne Box Hill Residences,MELBOURNE,165,4.5
602,Vue Apartments Geelong,GEELONG,227,4.5
603,Quest Docklands,MELBOURNE,158,4.5
604,Quest Sanctuary Lakes,MELBOURNE,179,4.5
605,Bendigo Guesthouse,BENDIGO,120,4.5
606,Quest Flemington Central,MELBOURNE,135,4.5
607,RNR Serviced Apartments North Melbourne,MELBOURNE,158,4.5
608,Oaks Melbourne on Market Hotel,MELBOURNE,146,4.4
609,Camberwell Serviced Apartments,MELBOURNE,175,4.4
610,Quest Melbourne Airport,MELBOURNE,149,4.4
611,Docklands Private Collection - Digital Harbour,MELBOURNE,129,4.4
612,Quest Bundoora,MELBOURNE,140,4.4
613,Quest Dandenong,DANDENONG,156,4.4
614,Quest Shepparton,CITY OF GREATER SHEPPARTON,132,4.3
615,Punthill South Yarra Grand,MELBOURNE,105,4.3
616,Lovely Banks - Rest and Relax,GREATER GEELONG CITY,87,4.6
617,Punthill Dandenong,DANDENONG,60,4.1
618,Quest St Kilda Bayside,MELBOURNE,171,4.3
619,District Apartments Fitzroy,MELBOURNE,225,4.3
620,Comfort Inn & Apartments Dandenong,DANDENONG,146,4.1
621,Park Regis Griffin Suites,MELBOURNE,129,4.2
622,HarbourView Apartment Hotel (now Arrow on Spencer),MELBOURNE,147,3.9
623,Clocktower Apartment Hotel,MELBOURNE,165,4.1
624,Collins Hotel,MELBOURNE,158,4.1
625,Sixty Two On Grey Serviced Apartments,MELBOURNE,145,4.1
626,Beaumont Kew Apartments,MELBOURNE,95,3.9
627,Knox International Hotel and Apartments,MELBOURNE,142,3.8
628,YTI Garden Hotel,MELBOURNE,104,3.9
629,Milano Serviced Apartments,MELBOURNE,119,4.0
630,Barkly Apartments,MELBOURNE,149,3.6
631,The Sebel Residences Melbourne Docklands,MELBOURNE,194,4.0
632,Summer Inn Holiday Apartments,MELBOURNE,200,3.8
633,CBD Victoria Harbour Service Apartments,MELBOURNE,421,3.4
634,Clunes Guest Home,HEPBURN SHIRE,140,3.3
635,Redan Apartments,MELBOURNE,85,1.9
