Hotel_name,Hotel_city,Hotel_price,Hotel_rating
Sailors Falls Estate - Studio Apartment,Hepburn Shire,A$199 / night,4.7
Roses of Daylesford - Rosemary Cottage ~ Beautiful,Daylesford,A$235 / night,3.0
Post Office Cottage- relax in peaceful surrounds.,Victoria,A$113 / night,4.9
The Pebble House-Tarnagulla,Victoria,A$122 / night,4.1
"New Modern, luxurious studio appartment 5mins walk to beach, shops and cafe's.",Cape Woolamai,A$279 / night,5.0
"Maple Cottage ""The Studio"" Trentham - $99 mid week Specials 700m CBD",Trentham,A$172 / night,4.8
Bella Loft: luxury studio apartment in the heart of Woodend,Woodend,A$270 / night,4.9
The Gatehouse - Light filled  cottage  in the leafy suburb of Hawthorn,Melbourne,A$200 / night,4.9
"Port Melbourne Seaviews, Gym, Pool & Tennis!",Melbourne,A$200 / night,4.7
Lilac Cottage - central but quiet,City of Greater Bendigo,A$133 / night,4.9
Big Tiny Altitude Tiny House Experience,Shire of Macedon Ranges,A$226 / night,5.0
"3BR house with pool, close to city and beaches!",Melbourne,A$311 / night,4.0
Kate's Place Daylesford Bordering The Botanic Gardens,Daylesford,A$235 / night,4.7
Lakeside Dream-Platypus/Lyrebirds/Views/Walks 欢迎回家,Melbourne,A$214 / night,4.9
Geelong Manna Gum Tiny House,Surf Coast Shire,A$206 / night,5.0
Grand Designs East Melbourne 5x4 Eco House,Melbourne,A$355 / night,5.0
A peaceful retreat in the heart of Carlton,Melbourne,A$224 / night,5.0
Glenlowren,Shire of Yarra Ranges,A$379 / night,5.0
RACV Goldfields Resort,Creswick,A$242 / night,4.4
Castlemaine Gardens Luxury Glamping,Castlemaine,A$240 / night,3.6
BIG4 Melbourne Holiday Park,Melbourne,A$139 / night,4.5
Lakes and Craters Holiday Park,Corangamite,A$160 / night,4.1
Sambar Studio Bed & Breakfast,Shire of Nillumbik,A$245 / night,4.8
Frog Hollow Eastern Banjo Daylesford,Mount Franklin,A$256 / night,4.8
Country Style Art Deco Inspired 2 bedroom house with off street parking,Melbourne,A$234 / night,5.0
Blue Cliffs Dusk Spa Villa,Mount Franklin,A$297 / night,3.8
"Kara's at Bungal..Romantic Getaway .. Sorry, unavailable for bookings",Shire of Moorabool,A$320 / night,4.6
Lily's Farm Studio,Hepburn Shire,A$206 / night,4.8
Perfect Cosy Retreat Cottage Russki Country Sauna & Spa Hut,Melbourne,A$197 / night,4.6
GALBRAITH BEACH STUDIO 1,Marengo,A$326 / night,4.3
A Cozy CBD Home with Stunning Views,Melbourne,A$138 / night,4.5
Melbourne Villa,Heidelberg (Melbourne),A$223 / night,4.8
"Etna Cottage - lovely, private, corner spa bath",Melbourne,A$146 / night,3.8
Darling Suite in South Yarra,Melbourne,A$123 / night,4.5
1 BR Grand Balcony Suite,Melbourne,A$161 / night,4.4
Frogsong Cottage YELLOW,Goughs Bay,A$128 / night,5.0
Ardingly Tiny House S,Shire of Macedon Ranges,A$184 / night,5.0
Rockmans South Yarra is a Boutique style apartment,Melbourne,A$117 / night,4.4
Your own private space,Shire of Macedon Ranges,A$106 / night,5.0
St Kilda Rd apartment - light filled and lovely,Melbourne,A$169 / night,5.0
"""Fitzroy St Studio 210"" - Pearl Apartments",Melbourne,A$128 / night,3.8
Sandringham - Resort Lifestyle,Melbourne,A$239 / night,4.7
one bedroom apartment with balcony,Melbourne,A$228 / night,3.5
"Chic warehouse apartment in hipster, foodie hub",Melbourne,A$208 / night,3.8
TREASURY on COLLINS Apartment Hotel in Melbourne CBD,Melbourne,A$378 / night,4.6
Wyndel Apartments - Riverside On Collins,Melbourne,A$112 / night,4.6
Woody lifestyle one bedroom apartment,Olinda (Victoria),A$205 / night,5.0
BHB Designer Collingwood,Melbourne,A$264 / night,2.3
"""Fawkner"" - Pearl Apartments",Melbourne,A$124 / night,4.7
Wyndel Apartments - St Kilda Views One Bedroom apartment Balcony/Gym,Melbourne,A$205 / night,5.0
Fulton Lane · Luxury Apartment with a View in the CBD,Melbourne,A$174 / night,5.0
"♡ Perfect Location, Spacious 2BR Apt Near Flinders Station",Melbourne,A$177 / night,5.0
EP4 - NEW SPACIOUS 1BR/1BTH - WIFI + NETFLIX!,Melbourne,A$180 / night,4.3
U201 Brunswick Living Brand New Deluxe Balcony Upper Floor Apartment close to Airport and CBD,Melbourne,A$129 / night,4.0
Ballarat Central Contemporary Apartments,Ballarat,A$210 / night,5.0
Stanbridge Cottage Daylesford,Daylesford,A$209 / night,4.9
CLOSE TO CENTRAL CITY OF BENDIGO,City of Greater Bendigo,A$177 / night,5.0
"Elegant 1 bed 1 bath apartment, free parking",Melbourne,A$180 / night,5.0
Spacious 2 Bedroom Inner City Townhouse with Private Rooftop,Melbourne,A$296 / night,4.9
Convenient City Apartment with Resort-style Extras,Melbourne,A$182 / night,4.2
Spacious 1-BR CBD APT - BALCONY+NETFLIX!,Melbourne,A$167 / night,4.7
The Dairy - Perfectly positioned right in the heart of town located behind the majestic Green Gables,Castlemaine,A$214 / night,4.6
Sun Valley 1A Studio,Falls Creek,A$193 / night,4.9
Cozy Stay Cottage,Hepburn Shire,A$195 / night,4.2
Rendezvous Nexus Summ,Shire of Murrindindi,A$221 / night,5.0
Modern CBD Apartment - Free Secure Parking and Wifi,Melbourne,A$267 / night,4.3
Wyndel Apartments -Southbank Views One Bedroom executive Balcony/Pool,Melbourne,A$175 / night,4.6
"Two BR Apt - 889 Collins St Waterfront, Docklands",Melbourne,A$460 / night,4.5
Serenity 11 - Room 4,Shire of Cardinia,A$103 / night,3.5
North Melbourne Retreat,Melbourne,A$126 / night,4.6
Leighton Bay Walk,Metung,A$284 / night,4.0
Elevated Plains Retreat 1,Mount Franklin,A$244 / night,4.8
Springfield Cottage - quiet getaway,Shire of Macedon Ranges,A$379 / night,5.0
"Albert Park Lake and MSAC 2min Walk, Parking, Balcony, BBQ",Melbourne,A$261 / night,4.2
New York style light filled large 1 bedroom in iconic heritage building,Melbourne,A$204 / night,5.0
Self-isolate in country comfort,Ballarat,A$102 / night,5.0
Brand new 2 BD UNIT IN DEER PARK VIC CLOSE TO DEER PARK TRAIN STATION- FWY- CITY,Melbourne,A$201 / night,5.0
Location location location !,Ballarat,A$138 / night,5.0
Mansi on Raymond Terrace Studio,Shire of Wellington,A$215 / night,5.0
Unforgettable studio for family,Greater Geelong City,A$189 / night,3.8
"Village Apartment Yarraville -  Wifi, Foxtel, Secure parking",Melbourne,A$213 / night,5.0
Homely Getaways @ Queen Vic Market,Melbourne,A$156 / night,4.3
Richmond Hill Townhouse,Melbourne,A$224 / night,5.0
"Walk to the MCG, The Tan, Botanic gardens & train",Melbourne,A$204 / night,4.8
"Little Charles, Fitzroy",Melbourne,A$497 / night,5.0
"Clayton One Bedroom Stylish Apartment, FREE PARKING, WIFI & FOXTEL",Melbourne,A$183 / night,4.2
Cute cosy Gypsy Caravan with outdoor bath and firepit,Warburton,A$60 / night,1.3
Modern St Kilda East 1 Bedroom Apartment - Free parking,Melbourne,A$206 / night,5.0
Spacious Light Filled Apartment with City Views,Melbourne,A$162 / night,4.1
Ocean Views ☆ Top Location ☆ Parking ☆ Restaurants,Melbourne,A$461 / night,5.0
Clean Modern Apartment 15 Mins From City on Tram,Melbourne,A$191 / night,3.8
"Walk to cafe, wifi, fenced court yard, off street parking, linen supplied",Melbourne,A$330 / night,5.0
10A Brunswick Living Brand New Studio Unit- ground floor close to Airport & CBD,Melbourne,A$72 / night,3.8
South Yarra 1 BDR Apt near ChapelSt shops and Cafe,Melbourne,A$230 / night,4.4
In the heart of Melbourne City,Melbourne,A$193 / night,3.8
U101 Brand new balcony apartment close to Airport & CBD,Melbourne,A$117 / night,4.3
Oliver Lane - Boutique Accommodation - CBD,Melbourne,A$169 / night,5.0
Elan Cottage with large corner spa,Melbourne,A$146 / night,2.6
Art Deco Inspired 2 bedroom House with off street Parking,Melbourne,A$216 / night,4.8
Lochiel Original Cottage (10 Persons Max),Melbourne,A$390 / night,4.3
Apartment,Melbourne,A$175 / night,4.3
Apartment 60m²,Melbourne,A$220 / night,4.5
Dylene Caravan Park - Family Cabin - No AirCon BYO Linen,Portarlington,A$215 / night,4.2
Whitehorse Apartments Hotel,Melbourne,A$170 / night,3.9
StayCentral Merigold on Collins,Melbourne,A$183 / night,5.0
THE WHITE ROOM Fitzroy,Melbourne,A$243 / night,4.8
"CBD, Collins St 2 bed, near Southern Cross with Gym, Pool & Spa",Melbourne,A$176 / night,3.8
Stunning Studio Apt in Seddon,Melbourne,A$135 / night,5.0
2 BR Modern Melbourne CBD Apartment,Melbourne,A$163 / night,3.8
Stunning 2 bdrms  APT@Parkville「Free carpark+wifi」,Melbourne,A$189 / night,4.4
Owen · 'Owen' Soaring City Views | Central Location,Melbourne,A$436 / night,5.0
Pure Beachfront Bliss,Melbourne,A$195 / night,3.0
Musical Village Retreat : Paris Love Nest For Two,Shire of Baw Baw,A$122 / night,5.0
Lynwood Rural Retreat with beautiful gardens & farm animals,Melbourne,A$294 / night,4.7
Richmond Warehouse Wonder,Melbourne,A$200 / night,4.7
Yarra River Views & City Lights - Free Wifi & Netflix,Melbourne,A$164 / night,5.0
luxury & comfort and safety: close to all with secure car park Bundoora,Melbourne,A$156 / night,5.0
City Heights and Views,Melbourne,A$299 / night,4.0
Annie's Escape in Warburton,Warburton,A$237 / night,4.7
"""Vista"" - Pearl Apartments St Kilda",Melbourne,A$157 / night,5.0
The Caulfield,Melbourne,A$209 / night,4.4
Take a step back in time,Shire of Macedon Ranges,A$130 / night,4.3
"Brumby Townhouse, Dinner Plain",Dinner Plain,A$162 / night,5.0
Absolute Lakeside Self-Contained Luxury Apartment,Daylesford,A$364 / night,4.3
Circa Red London Daylesford ~ TOWN CENTRE,Daylesford,A$257 / night,4.5
Clean + Bright Apartment in the Heart of the City,Melbourne,A$184 / night,3.8
Madam Saddler A Gorgeous Accommodation In Clunes.,Hepburn Shire,A$287 / night,5.0
"LuxuryBrandNew3Bedroom:HotTub,Pool,BarWiFi&CarPark",Melbourne,A$306 / night,4.4
Newport Leadlight Haven,Melbourne,A$154 / night,4.9
Scandi Stayz Retreat 1,Tawonga South,A$206 / night,4.4
"""ABODE 316"" NEW boutique 2 Bedroom, 2 Bathroom",Melbourne,A$424 / night,4.8
Family-friendly Apartment in Green Glen Iris,Melbourne,A$184 / night,3.4
LITTLE ABODE ON ADENEY FREE WIFI PET FRIENDLY,Melbourne,A$209 / night,5.0
ASHLAR @ Manna Gums - Romantic/Fire/Spa Escape - Daylesford,Daylesford,A$251 / night,4.9
ormond stunner-- the heart of southeast melbourne,Melbourne,A$111 / night,3.8
Apartments Of Waverley - 1 Bed Apartment Free Wifi & Parking,Melbourne,A$204 / night,5.0
Hilltop Tiny House Su,Shire of Mitchell,A$127 / night,4.5
Shadow Play@Lv36/2BR near Crown with Ocean View,Melbourne,A$318 / night,4.6
"Quiet haven, lively precinct",Melbourne,A$219 / night,4.8
Elsinore Ballarat - self contained apartment,Ballarat,A$199 / night,4.8
Retro mid century home in historic gold-fields township.,Maldon (Victoria),A$167 / night,5.0
"""Abbey Road"" - Pearl Apartments",Melbourne,A$139 / night,5.0
Rest Haven,Shire of South Gippsland,A$160 / night,4.4
City View South Yarra Apart*CarPark*Netflix*Wine,Melbourne,A$201 / night,4.8
Great Southbank apartment with stunning view,Melbourne,A$161 / night,4.7
"Ground Floor Apartment with Courtyard, WiFi and Off Street Parking",Melbourne,A$113 / night,5.0
Richmond Apartment with Parking - Walk to MCG,Melbourne,A$133 / night,4.4
One bedroom unit in Camberwell. Off street parking.,Melbourne,A$185 / night,4.8
The Nook Studio Apartment,Melbourne,A$158 / night,5.0
Lakeside Villas Nagambie,Nagambie,A$296 / night,2.6
ouble Room with Private Bathroom and Kitchenette near Murray River,Shire of Moira,A$83 / night,3.8
villa 2 fully self contained,Golden Beach (Victoria),A$177 / night,4.5
Brand New Luxury Studio Apartment on Gregory Street,Ballarat,A$125 / night,4.8
Stylish Southbank Apartment,Melbourne,A$206 / night,5.0
"Comfortable, clean and charming St Kilda studio with Wifi and bikes",Melbourne,A$132 / night,3.8
"Lavender Suite at Sage Cottage, The Oaks, Lilydale",Melbourne,A$191 / night,5.0
Perfectly located in the heart of the Melbourne CBD,Melbourne,A$240 / night,5.0
Shocko 1 - Boutique Accommodation - CBD,Melbourne,A$226 / night,5.0
Ultra-Modern Luxury With Views At Kai Waterfront,Melbourne,A$188 / night,3.2
Stone's Throw Cottage B&B Belgrave,Melbourne,A$219 / night,4.8
BOUTIQUE STAYS – The Residence,Melbourne,A$570 / night,5.0
DeeeLuxe - soo.. sophisticated,Melbourne,A$193 / night,3.5
Deluxe Modern New Apartment@Melbourne New Landmark,Melbourne,A$279 / night,5.0
"""Claremont"" - Pearl Apartments",Melbourne,A$139 / night,4.8
"City Edge Apartment, Spacious Terrace, Views to Melbourne City",Melbourne,A$213 / night,5.0
Studio apartment in desirable tree lined locale. Walk to Hospital & town,Bendigo,A$117 / night,4.9
Artistic Apartment in Sunny Elwood near St Kilda,Melbourne,A$211 / night,3.8
"Mt Buller Prime Location, Ski in Ski Out",Mt Buller,A$535 / night,4.8
A Serene & Cozy CBD Suite near Southern Cross,Melbourne,A$579 / night,5.0
One bedroom in Neo with city balcony!,Melbourne,A$138 / night,5.0
"The Barkly, on the fringe of Melbourne",Melbourne,A$202 / night,4.8
Geilo Snow Holiday Unit,Falls Creek,A$330 / night,4.9
Homely Albert Park Suite Next to Grand Prix Circuit,Melbourne,A$406 / night,5.0
By George! Super cool  St Kilda loft,Melbourne,A$168 / night,5.0
Stylish & Sunny with house like proportions,Melbourne,A$183 / night,5.0
Peel Cottage Bed & Breakfast,Ballarat,A$165 / night,5.0
Daysend Cottages - Merrijig,Merrijig,A$378 / night,5.0
A Modern & Cozy Suite with Beautiful City Views,Melbourne,A$587 / night,3.9
Melbourne short stay- Burwood Deakin Uni墨尔本民宿-迪肯大学Burwood,Melbourne,A$61 / night,2.9
"Central, Clean and Convenient Unlimited WiFi",Melbourne,A$55 / night,3.8
Modern 2 bed apartment in trendy Collingwood,Melbourne,A$233 / night,3.3
"Albert Park: close to everything, yet quiet and relaxing",Melbourne,A$127 / night,5.0
"master bedroom with ensuite in frankston walk to cbd, updated bathroom & kitchen",Frankston,A$121 / night,5.0
For the discerning traveller who appreciates the best quality and style!,Melbourne,A$267 / night,5.0
"Sanctuary · ""Sanctuary"" Resort-Style on the Banks of the Yarra",Melbourne,A$259 / night,5.0
Views and hotel-style extras in a great location,Melbourne,A$187 / night,5.0
Chestnut Daylesford Centrally Located,Daylesford,A$328 / night,4.5
The Eyrie at elevation652 at Mt Bellevue,Rural City of Wangaratta,A$307 / night,5.0
Loft Apartment Bond Quarter,Melbourne,A$233 / night,4.8
Apartment 45m²,Melbourne,A$153 / night,3.8
Quiet and private spacious 1 bedroom in prestigious Hawthorn street,Melbourne,A$114 / night,4.6
Frogsong Strawbale Cottage BLUE ID p7318970,Goughs Bay,A$119 / night,3.9
Penthouse in Northcote,Melbourne,A$203 / night,3.4
Vintage Heaven - located at Healesville,Healesville,A$210 / night,5.0
Modern 1-BR Apartment + Seaview!,Melbourne,A$157 / night,4.7
Alpino Apartments Marysville,Marysville (Victoria),A$276 / night,4.8
Balwyn Views Apartments,Melbourne,A$189 / night,5.0
Village BELLE Stunning home in Yarraville Village,Melbourne,A$282 / night,4.8
"""206 Studio on Acland"" - Pearl Apartments",Melbourne,A$135 / night,5.0
"Stylishly appointed, Family, Executives, Parking, Cafes 350m, Public Transport",Melbourne,A$305 / night,4.7
Petite and Sweet Pad close to St Kilda Beach,Melbourne,A$129 / night,4.7
Homewood Apartment-Self contained apartment,City of Greater Shepparton,A$102 / night,5.0
CONVENIENCE in Melbourne CBD 1BR Apt + FREE WIFI,Melbourne,A$257 / night,3.1
Nelse Lodge,Falls Creek,A$190 / night,4.5
"Long Stay Discount, Parking, Degraves St, Corporates, Families,Couples, Shopping",Melbourne,A$342 / night,4.5
Waterfront 2 Bedroom - Freshwater Place,Melbourne,A$389 / night,4.6
Stylish 2-bed 2 bath with free parking+pool+gym+wifi,Melbourne,A$251 / night,4.5
"Light, airey 2 storey 2 deck penthouse in Collingwood nr cafes restaurants trams",Melbourne,A$345 / night,5.0
Forget Me Not Moonlight Blue Miners' Cottage Daylesford,Daylesford,A$181 / night,4.8
Upper West Side - Madison,Melbourne,A$271 / night,4.9
Apartments @ Port of Sale 2 bedrooms,Shire of Wellington,A$210 / night,4.7
Elegant 2BR@Footscray Station,Melbourne,A$216 / night,5.0
Bungunyah Apartments: Margriet,Melbourne,A$200 / night,5.0
Melbourne Chinatown 2 bedrooms APARTMENTs,Melbourne,A$237 / night,5.0
"Stylish, 2 bedroom Victorian terrace, 1860's old charm & modern renovation!",Melbourne,A$431 / night,5.0
StayCentral in Brunswick & Parkville 2Br near cafes restaurants shops bars trams,Melbourne,A$278 / night,4.5
The Hive Graffiti Apartments,Melbourne,A$169 / night,4.8
Bungunyah Apartments: Kaori,Melbourne,A$209 / night,4.6
Brand New APT with Sea Views in Heart of St Kilda,Melbourne,A$207 / night,3.8
Modern Apartment - Southbank,Melbourne,A$285 / night,4.4
Wheelchair Accessible 1 Bedroom Apartment,Melbourne,A$162 / night,3.8
Blue Rosella on Piper,Kyneton,A$276 / night,4.6
Luxury Art Deco Lifestyle,Melbourne,A$235 / night,4.8
Beachfront Apartment Elwood,Melbourne,A$182 / night,3.8
StayCentral on Northcote Hill views shops trams,Melbourne,A$327 / night,5.0
'Bogong' a romantic chalet for couples,Dinner Plain,A$455 / night,4.9
"""Sea Breeze"" - Pearl Apartments St Kilda",Melbourne,A$102 / night,5.0
DesignLife :Spacious Design Location,Melbourne,A$220 / night,5.0
Cozy APT Opposite Southern Cross station,Melbourne,A$258 / night,3.9
Family Friendly: Feed your soul : Cosy and warm.,Shire of Moorabool,A$123 / night,4.5
Hawthorn East 2 Bedroom Apt Wifi Netflix Parking quiet,Melbourne,A$120 / night,4.1
Light-Filled Beachside Apartment in Trendy Area,Melbourne,A$155 / night,5.0
"8 minutes Walk to clayton train station, close to monash medical center.",Melbourne,A$180 / night,4.2
Briar Hill Accommodation,Melbourne,A$149 / night,4.5
BOUTIQUE STAYS – Ace's Place - perfectly located near Chapel and Swan streets,Melbourne,A$214 / night,4.2
Kiss me by the City-quiet & pretty inner city retreat to unwind & rejuvenate,Melbourne,A$331 / night,3.2
The Residence - Domain,Melbourne,A$460 / night,4.7
Whole Apartment right in the heart of Melbourne,Melbourne,A$233 / night,4.8
"Delightful, Cozy & Modern House",Melbourne,A$159 / night,4.2
Blackburn Holiday Apartment 5,Melbourne,A$136 / night,4.2
Serena Cottages 361 reids way,Shire of Indigo,A$165 / night,4.8
Bright Apartment with City Views in Trendy Locale,Melbourne,A$169 / night,2.6
Sublime Southbank - Incredible Views and Location,Melbourne,A$381 / night,4.9
CORONET CASTLE PET FRIENDLY,Coronet Bay,A$391 / night,5.0
Avant · Sleek CBD Apartment with Skyline Views,Melbourne,A$182 / night,2.6
4-Poster Bed Room in Mountain Cottage,Warburton,A$56 / night,4.1
Spacious apartment within minutes of Acland Street,Melbourne,A$168 / night,4.2
Airport West Stunner,Melbourne,A$430 / night,5.0
"Charan Lane, Comfortable Townhouse in Heritage Inner Suburb Location",Melbourne,A$309 / night,5.0
"Boutique Stays - Victorian Vogue, Richmond House",Melbourne,A$636 / night,4.8
Bungunyah Apartments: Waratah,Melbourne,A$209 / night,5.0
St Kilda  Home away from Home 2BR,Melbourne,A$163 / night,5.0
Architecturally Designed 2 Bedroom Apartment,Melbourne,A$354 / night,4.8
Clarendon Towers - 2 bedroom apartment,Melbourne,A$315 / night,4.3
Seaside Melbourne accommodation,Melbourne,A$132 / night,3.2
TOP DECK APARTMENT - PORTSEA,Melbourne,A$379 / night,4.4
Merrimont Downs - Country Escape - set on magnificent acreage property,Merrijig,A$497 / night,5.0
Modern 1 Bedroom Apartment In Tranquil Parklands,Melbourne,A$149 / night,3.8
DeBeers Townhouses Bendigo,Bendigo,A$188 / night,5.0
"Modern & Stylish Apartment in the heart of Melbourne| Pool, Gym, Sauna",Melbourne,A$167 / night,4.6
Self contained two-bedroom unit in a bush garden setting,Melbourne,A$195 / night,5.0
Perfect Location - 2 Bedroom Modern Unit,Bendigo,A$160 / night,4.7
"Close to Everything, Entire St Kilda Queen Bed Apartment",Melbourne,A$130 / night,4.5
Bungunyah Apartments: Maasai,Melbourne,A$209 / night,5.0
"A Modern 2BR Apt, 5-min Walk to Melbourne Central",Melbourne,A$177 / night,4.6
"Courtyard Cottage - charming, heritage, self-contained hideaway",Healesville,A$412 / night,4.2
"Les Chalets 14 - Ski in, Ski out",Falls Creek,A$236 / night,4.8
Melbourne Airport - 1 bedroom Apartment,Melbourne,A$117 / night,3.2
Betty's Place - Accommodation in Heyfield,Shire of Wellington,A$171 / night,5.0
Heatherlie Cottages Halls Gap,Halls Gap,A$179 / night,4.8
Private suite with garden and river views,Melbourne,A$117 / night,4.2
Contemporary Luxury With Views At Maya Waterfront,Melbourne,A$236 / night,3.2
Amazing 3 Bedroom Apartment in Melbourne Central CBD!,Melbourne,A$271 / night,4.8
Pride Fawkner Apt Bay-view 4 Free PARKING+POOL PaperRolls HandWash * Mask,Melbourne,A$232 / night,4.5
Melbourne Soul 108 sleeps 2-6,Melbourne,A$187 / night,4.9
Modern 1 Bedroom Apartment With Rooftop Terrace And Spa,Melbourne,A$181 / night,2.6
"Stunning 2 Bed 2 Bath Apartment at St Kilda, Free WiFi, Carpark",Melbourne,A$171 / night,4.5
B&B on Piper - Beautiful Cottage Accommodation,Kyneton,A$265 / night,4.7
Plough Cottage Country getaway,Howqua Inlet,A$287 / night,4.1
"Comfy 2BR Suite Near Flemington Races, FREE Parking",Melbourne,A$471 / night,4.5
Lovely Classic Apartment Steps From Beach,Melbourne,A$175 / night,5.0
Willowbank at Taggerty,Shire of Murrindindi,A$309 / night,4.8
House on the Red Hill,Red Hill South,A$774 / night,5.0
RACV Cape Schanck Resort,Cape Schanck,A$654 / night,4.5
Melbourne River Views,Melbourne,A$330 / night,4.6
Toolebewong Farm Cottage,Shire of Yarra Ranges,A$182 / night,4.9
Somerset Residential Apartment,Melbourne,A$154 / night,4.7
"Comfy Quite 4BR Family House,1 min to Shopping Centre,Tarneit,Melbourne独栋别墅",Victoria,A$170 / night,5.0
Dawn's Retreat near the Murray,Shire of Indigo,A$131 / night,5.0
"Quiet and comfortable townhouse - walk to river, tram and Highpoint Shopping",Melbourne,A$158 / night,5.0
Modern 2-Bedroom @ Southbank & Crown Casino *FREE PARKING + WIFI*,Melbourne,A$214 / night,3.8
Vaughan St Guest House Shepparton - Central location long term stay reduced rate,Shepparton,A$165 / night,4.5
Romantic Getaway with Spa and Gardens,Sassafras,A$307 / night,2.6
"2BR Suites on Bourke, Perfect Location, Views",Melbourne,A$177 / night,4.0
Walk to Elwood beach and village,Melbourne,A$176 / night,2.6
EAST MELBOURNE TERRACE,Melbourne,A$747 / night,3.8
Blackburn Holiday Apartment 4,Melbourne,A$115 / night,4.6
"""Retreat & Relax @ 128""- Mildura Holiday & Corporate Accommodation",Mildura VIC,A$240 / night,4.8
Tullaburra Farm Stay and Horse agistment,Shire of Moorabool,A$150 / night,4.8
CHIC APARTMENT- CLOSE TO BEACH,Melbourne,A$161 / night,4.8
Ravenswood-an iconic Drouin property,Shire of Baw Baw,A$179 / night,5.0
Princes off Chapel in Prahran 2BR with CBD Views,Melbourne,A$180 / night,5.0
BOUTIQUE STAYS – Central Park,Melbourne,A$633 / night,4.6
Luxury Apt in Southbank,Melbourne,A$300 / night,5.0
50th Floor sub penthouse in front of Casino!,Melbourne,A$756 / night,3.8
Scandi Stayz Retreat 3,Tawonga South,A$210 / night,2.6
One Fine Day We Shall See,Melbourne,A$243 / night,4.6
Melbourne Star - central city location - sleeps 5,Melbourne,A$273 / night,4.0
"""Carlisle"" - Pearl Apartments St Kilda",Melbourne,A$201 / night,4.7
Deluxe 1 Bedroom Twin Apartment & Double Sofa Bed,Melbourne,A$172 / night,4.1
Sleek Skyline View Apartment Ideal for City Break,Melbourne,A$454 / night,4.4
165 On Bogong - self contained unit,Ballarat,A$206 / night,4.2
Harbour Escape Apartments Docklands,Melbourne,A$238 / night,4.4
A Comfy 2BR Apt with a Panoramic View of the City,Melbourne,A$153 / night,3.9
Beach Stay Apartment Melbourne City & Port,Melbourne,A$217 / night,5.0
Birches Serviced Apartments,Melbourne,A$175 / night,4.2
"Oversized Apartment Close to City, Parks, MCG",Melbourne,A$292 / night,3.9
ABODE ON ADENEY FREE WIFI / PET FRIENDLY,Melbourne,A$426 / night,4.9
Stunning farmstay in beautiful Harcourt Hills,City of Greater Bendigo,A$149 / night,4.7
The Royal Absolute Ripper,Melbourne,A$140 / night,4.7
"Ultimate location , parking and public transport, shopping and restaurants",Melbourne,A$306 / night,3.8
executive   Shepparton,Shepparton,A$226 / night,5.0
Very Spacious apartment in city centre close to tourist attractions,Melbourne,A$265 / night,3.5
Riverside apartment overlooking parkland with river views.  Near transport,Melbourne,A$155 / night,4.8
"Superb St Kilda Location, 2BR Renovated Art Deco, Family-Friendly, Quiet Street",Melbourne,A$268 / night,4.8
Lake Apartments - Metres to Lake Wendouree,Ballarat,A$178 / night,4.7
"Long Stay Discount, Parking, Great Family Getaway, Close to Zoo, Spa Bath, BBQ",Melbourne,A$364 / night,4.7
"AHA @ Port of Sale 1,2 or 3 bedroom",Shire of Wellington,A$243 / night,5.0
Readyset on Spencer,Melbourne,A$152 / night,4.0
Cityside - StayCentral,Melbourne,A$299 / night,3.8
"Seaside Boutique Accommodation, just moments to Seaford Beach",Melbourne,A$298 / night,5.0
"Laurent · ""Laurent"" Balcony Views | Steps from Laneway Vibes",Melbourne,A$422 / night,3.8
"LuxuryBrandNew2Bedroom:HotTub,Pool,BarWiFi&CarPark",Melbourne,A$360 / night,3.4
2BR Apt Central to Everything in Melbourne CBD w/ CITY VIEW + POOL,Melbourne,A$441 / night,4.4
3 Bedroom Family Apartment in the heart of Southbank,Melbourne,A$544 / night,4.7
Daisy Villa – close to Mel. Airport & Hume Fwy.,Victoria,A$238 / night,4.8
Melbourne Central - StayCentral,Melbourne,A$278 / night,4.3
Modern Cottage in Maryborough,Maryborough (Victoria),A$133 / night,4.0
"Cove Holiday House, quiet, near golf club & beach",Cowes (Victoria),A$411 / night,4.4
"BUXTON BEAUTY - Central location, river views",Shire of Murrindindi,A$286 / night,4.7
NY Style Living &  FREE Secure Car Parking,Melbourne,A$379 / night,2.6
"Sambuca 5, Mount Hotham",Hotham Heights,A$686 / night,4.9
Cohuna Waterfront Holiday Home,Victoria,A$490 / night,5.0
Gracefield Estate 2 Bedroom Private Cottage,Shire of Baw Baw,A$442 / night,5.0
Docklands 1 Bedroom Pool and Gym,Melbourne,A$192 / night,5.0
"""Bliss"" - Pearl Apartments",Melbourne,A$136 / night,4.3
Central View - Walking Distance to the Fountain,Bendigo,A$185 / night,4.4
"Perfectly Located, Gorgeous St Kilda Queen Bed Apartment",Melbourne,A$131 / night,4.6
Cozy & Brand New Western Apartment,Melbourne,A$171 / night,2.3
Bienvenu- Self Contained Cottage,Halls Gap,A$119 / night,3.6
"Near Federation Sq, Flinders St Station, restaurants, shopping & graffiti alleys",Melbourne,A$112 / night,4.7
Fitzroy north oasis - 3 bedroom  apartment,Melbourne,A$170 / night,4.7
The Forrest Cottage in Wheatsheaf,Hepburn Shire,A$414 / night,5.0
Iris Cottage - 24 Prince Street Myrtleford,Myrtleford,A$269 / night,5.0
Designer 3 Bedroom Heritage Central Melbourne CBD,Melbourne,A$338 / night,4.8
BIG4 Bendigo Park Lane Holiday Park,City of Greater Bendigo,A$129 / night,4.2
"TREE TOP - Marysville, VIC",Marysville (Victoria),A$278 / night,4.0
Readyset on Upper West Side,Melbourne,A$139 / night,3.9
Convenience and Luxurious Comfort in Carnegie,Melbourne,A$333 / night,3.8
Wahroonga - in Central Carlton,Melbourne,A$328 / night,5.0
2 BR Modern Apartment Melbourne CBD!,Melbourne,A$162 / night,2.6
New - Blue Jay in the heart of Daylesford,Daylesford,A$420 / night,5.0
Two story mudbrick home nestled in the Dandenong Ranges.,Melbourne,A$289 / night,4.2
Gum Tree View - Welcoming Quiet Getaway Near Boutique Shops,Healesville,A$249 / night,4.9
Cosmo Stays - Spacious 3-bedroom deluxe townhouse,Melbourne,A$384 / night,4.8
The Ritz- large St Kilda apartment w amazing views,Melbourne,A$274 / night,4.8
Opposite the beach with Wifi and secure undercover carpark,Melbourne,A$160 / night,4.1
Southbank high-rise residence,Melbourne,A$258 / night,3.6
Exotic Forest's Edge Sanctuary - Entire 3 Bedroom Cottage,Healesville,A$409 / night,4.5
3 Bedroom Apt Convenient Location,Melbourne,A$354 / night,5.0
City Stay at Melbourne Tower - Southbank **3BR+High Speed WiFi+Netflix+Parking**,Melbourne,A$414 / night,4.9
Apartment Geilo 4 Excellent value,Falls Creek,A$387 / night,5.0
Smart apartment in elegant suburb close to city,Melbourne,A$230 / night,1.8
Dartmouth Mountain Retreat,Shire of Towong,A$132 / night,3.8
Apartment 390m²,Melbourne,A$231 / night,4.9
Quiet & Peaceful 3bed2bath HOME @Keilor Downs,Melbourne,A$249 / night,5.0
HUSKI 2: Ideal Family & Friend Accommodation - Mt Buller Village,Mt Buller,A$498 / night,5.0
Numurkah Self Contained Apartments  - The Saxton,Shire of Moira,A$143 / night,5.0
Sophisicated Family Oasis in Richmond,Melbourne,A$792 / night,5.0
Sun Apartments - Mt Hotham,Hotham Heights,A$292 / night,4.8
"LonsdaleStar:New2bed2bath, High Floor View+CarPark+PoolGym",Melbourne,A$246 / night,3.1
The Cottage at the Colonial,Shire of Moira,A$265 / night,4.4
Tiptre - at Blampied,Hepburn Shire,A$221 / night,4.0
Two Bedroom one bath room Standard  Cityview/Free Parking,Melbourne,A$263 / night,4.4
"An ideal place to live while renovating. 
Classy 4bed/ 2bth",Melbourne,A$384 / night,5.0
Melbourne's Crown Jewel 'The Victoria' - 4 Bedroom Rooftop Penthouse,Melbourne,"A$3,495 / night",5.0
Beaumont Grange House,Melbourne,A$138 / night,3.0
Cosy Mount Hotham Retreat,Hotham Heights,A$231 / night,4.6
Shop Til You Drop At Sleek Unit In Hip Area,Melbourne,A$163 / night,1.3
Hollywood Haven Mildura,Mildura VIC,A$218 / night,3.8
For a good time or a long time,Ballarat,A$186 / night,4.4
"Magnolia House: 4BR, 2 free car parking spaces & big backyard",Melbourne,A$554 / night,5.0
Homely Getaways - Central Mildura,Mildura VIC,A$725 / night,3.5
"Clyvemore - Luxurious, boutique accommodation in the heart of the Ballarat.",Ballarat,A$206 / night,5.0
Whistler 1C 2 Bedrooms 2 Bathrooms,Mt Buller,A$420 / night,3.8
930 Big House OnTheBeach-30 metres Beach/Shops/Pub/Resturants-Leave Car Behind,Melbourne,"A$1,915 / night",5.0
Ballarat BreakAway Short Stays -Beautiful Comfortable Accommadation.,Ballarat,A$234 / night,4.9
Luxury 4 bedroom Townhouse in Glen Waverley,Melbourne,A$324 / night,5.0
Sawmill Mountain Retreat- dcs retreats,Merrijig,A$420 / night,4.5
Eureka Ski at Mount Hotham,Hotham Heights,A$276 / night,4.7
Golf View Charm - Large two story House,Melbourne,A$215 / night,4.0
"Spacious, natural light filled 4BDR house in a CENTRAL location",Melbourne,A$256 / night,5.0
A701 TWIN TOWERS: Mt BULLER VILLAGE Ski In / SkOut,Mt Buller,A$582 / night,5.0
Luxury Accommodation,Mildura VIC,A$542 / night,4.9
"Bluebell Apartments in Box Hill, Melbourne",Melbourne,A$139 / night,1.3
ResortStyle 4BR House with parking@Werribee,Melbourne,A$265 / night,5.0
Keppt Holiday Cottage,Merrijig,A$331 / night,5.0
Park Lane Apartment East Melbourne,Melbourne,A$387 / night,4.8
Triggerplant 3-DPA,Dinner Plain,A$200 / night,4.7
Two Truffles Cottages,Shire of Yarra Ranges,A$226 / night,4.4
"Stylish, Renovated Edwardian Home in Kew.",Melbourne,A$180 / night,5.0
GIPPSLAND HOLIDAY STAY TRARALGON,Latrobe City,A$203 / night,5.0
"The Grainger, Fitzroy",Melbourne,"A$1,009 / night",5.0
Sun Apartments - Mount Hotham,Hotham Heights,A$308 / night,5.0
Bungunyah Apartments: Cotton,Melbourne,A$303 / night,4.7
"Well suited to families, couples, individuals, conference and others",Ballarat,A$248 / night,5.0
Exclusive Stays - SouthbankONE II,Melbourne,A$665 / night,4.4
Lakes Entrance Holiday Units,Lakes Entrance,A$253 / night,2.8
Azalea House - Family Accommodation,Warburton,A$334 / night,3.6
SPACIOUS 3BR/2BTH CBD APT + WIFI + VIEW!,Melbourne,A$452 / night,5.0
D118 Cawood Family Stay,Melbourne,A$219 / night,5.0
THE WINDSOR Executive 2.5 Bedroom Freshwater Place,Melbourne,A$706 / night,5.0
Entire house with unlimited WIFI and NETFLIX in the heart of Eastern Suburbs,Melbourne,A$408 / night,5.0
Gifford chalet dog friendly.,Harrietville,A$508 / night,5.0
Mulberry - Walk to MCG & Heart of Richmond,Melbourne,A$457 / night,4.8
Cadeau at Merrijig - The Base of Mount Buller,Merrijig,A$468 / night,4.9
Luxury Holiday House in the Inner City,Melbourne,A$867 / night,4.8
Bristol House Accommodation UNIT,Maryborough (Victoria),A$179 / night,4.2
Mawson 5 Family Apartment close to Ski School,Mt Buller,A$572 / night,5.0
Himalayinn - Ski lodge or Alpine retreat,Merrijig,A$827 / night,4.6
The Amazing Wiltshire of warehouse conversion!,Melbourne,A$259 / night,3.3
"Brunswick Getaway, walking distance to bars, cafes restaurants",Melbourne,A$165 / night,5.0
Torquay Surfcoast  Victoria,Torquay (Victoria),"A$1,567 / night",5.0
Box Hill accommodation,Melbourne,A$154 / night,4.0
Sunny Sunday Getaway,Shire of Mitchell,A$203 / night,5.0
Quiet Comfortable Family House in Melbourne Great Ocean RdTourist stopover舒适独栋别墅,Melbourne,A$207 / night,4.2
Wirraway Farm-stay,Shire of Mitchell,A$134 / night,4.9
Fire & Ice - At the base of Mt Buller,Merrijig,A$414 / night,5.0
Alpine Edge Chalet - alpine-getaways,Dinner Plain,"A$1,368 / night",5.0
Helen's luxury hut,Victoria,A$63 / night,4.8
Murmeli Falls Creek,Falls Creek,A$183 / night,4.3
Gorgeous family retreat,Melbourne,A$247 / night,3.3
"Red Rock of Alvie- ""Aviemore"" heavenly and hidden retreat",Shire of Colac Otway,A$370 / night,4.5
Stay Belgravia -  9 bedroom house,Melbourne,A$678 / night,5.0
Hawthorn Holiday House,Melbourne,A$280 / night,3.8
Ski Break Luxury Chalet - Dinner Plain,Harrietville,A$849 / night,5.0
"Spacious, Lovely 4 Bed Room Family Home",Melbourne,A$357 / night,4.4
Boutique Stays - Brighton Abode,Melbourne,A$417 / night,2.3
Halen's hourse,Melbourne,A$75 / night,4.0
Queens Lakeside Apartment,Melbourne,A$287 / night,4.8
BLAIRGOWRIE GEM .....,Blairgowrie,"A$1,135 / night",3.8
Melbourne Luxury Villa at Doncaster,Melbourne,A$398 / night,4.6
"Luxurious apartment at Hardware Lane, 3 Bed Gym Pool and many more",Melbourne,A$554 / night,4.9
Apple House Tarneit North,Victoria,A$85 / night,4.5
D103 Lemon tree house,Melbourne,A$232 / night,3.8
Hudson@Stockmans Mansfield Vic,Mansfield (Victoria),A$847 / night,5.0
Yes Holiday Home,Victoria,A$69 / night,3.9
Federation Square Apartments - Breathtaking View,Melbourne,A$311 / night,5.0
Studio 4 - Saint George Accommodation,Melbourne,A$99 / night,4.2
Chum Creek Hut,Shire of Yarra Ranges,A$350 / night,4.8
MERINDA - minil & merinda chalets,Merrijig,A$527 / night,4.5
Summit Ridge Alpine Lodge,Falls Creek,A$216 / night,4.6
Spacious Lovely 5Beds home@Point Cook,Melbourne,A$266 / night,3.8
Inner City Oasis on Buckingham,Melbourne,A$305 / night,5.0
Alice Manor 3---New & Up market high quality,Melbourne,A$371 / night,4.2
The Blue Barn,Daylesford,A$252 / night,4.5
Best Western Fawkner Suites & Serviced Apartments,Melbourne,A$136 / night,4.7
Accommodation in Melbourne,Melbourne,A$362 / night,4.5
Toolebewang Farm Cottage,Shire of Yarra Ranges,A$234 / night,4.5
Madam Saddler - On Fraser Clunes,Hepburn Shire,A$272 / night,5.0
Eastern Hill Creswick,Creswick,A$138 / night,4.4
165 On Bogong,Ballarat,A$250 / night,4.9
Gravity Tower,Melbourne,A$199 / night,4.4
Koovelly Garden Studio,Daylesford,A$232 / night,4.7
Elizabethan Lodge,Melbourne,A$99 / night,4.1
Space for all in Southbank - 3 Bedroom Apartment,Melbourne,A$244 / night,3.1
Apple House,Melbourne,A$69 / night,4.2
Gunyah Valley Retreat,City of Greater Bendigo,A$140 / night,4.7
Castlemaine Central Cabin & Van Park,Castlemaine,A$118 / night,4.4
Ballarat cottages incorporating yarrowee cottage and Admirals cottage,Ballarat,A$150 / night,4.7
The Garden Room,Daylesford,A$222 / night,4.5
Aparment Sky Home,Melbourne,A$251 / night,5.0
Poets Lodge Boutique Group Stays and Events,Daylesford,"A$2,224 / night",5.0
The home is only 30 minutes from Melbourne Airport.,Shire of Macedon Ranges,A$202 / night,4.7
Discovery Parks – Melbourne,Melbourne,A$115 / night,4.3
Melbourne Fitzroy Terrace,Melbourne,A$415 / night,4.7
RiverCottage-selfcontained,Marysville (Victoria),A$215 / night,4.2
Home away from home,Victoria,A$77 / night,3.8
Apple House Upper Point Cook,Melbourne,A$89 / night,4.5
Majella Chalet alpine-getaway,Dinner Plain,"A$1,674 / night",5.0
Large Quiet Art Deco Apt Camberwell,Melbourne,A$200 / night,5.0
Airport Tourist Village Melbourne,Melbourne,A$77 / night,4.4
Homely Getaways - Eighth Street Mildura,Mildura VIC,A$797 / night,3.0
ELKHORN 17: Modern Family Accommodation - Mt Buller Village,Mt Buller,A$434 / night,3.8
Spencer Street Apartments,Melbourne,A$236 / night,4.5
Lake Hamilton Motor Village and Caravan Park,Hamilton (Victoria),A$139 / night,4.5
Apartments Of Waverley,Melbourne,A$154 / night,4.5
MARK 11 2W: Executive Accommodation - Mt. BULLER VILLAGE:,Mt Buller,A$631 / night,3.8
The Recovery Room with Luxury Indoor Spa,Dinner Plain,A$778 / night,4.3
Lakeview On Sycamore,Melbourne,A$192 / night,4.8
Somerset on Elizabeth Melbourne,Melbourne,A$184 / night,4.4
Secret Cottage,Healesville,A$200 / night,4.6
Mornington Peninsula Retro Glamping,Rye (Victoria),A$173 / night,4.3
Melbourne Holiday Apartments Flinders Wharf,Melbourne,A$176 / night,4.6
MY80 Apartment located in the inner of Melbourne CBD,Melbourne,A$130 / night,5.0
Indulge Apartments - Langtree,Mildura VIC,A$174 / night,4.2
Orange Stay Apartments,Melbourne,A$201 / night,4.3
Apartments @ 57 City,Melbourne,A$157 / night,4.3
A big house for big group,Melbourne,A$293 / night,5.0
Park Avenue - IKON Glen Waverley,Melbourne,A$120 / night,4.3
Oaks Melbourne on Lonsdale Suites,Melbourne,A$120 / night,4.3
Daylesford Holiday Park,Daylesford,A$132 / night,4.1
De'Vine Escape,Shire of Yarra Ranges,A$182 / night,4.0
"Boutique Stays - Zinc 501, Port Melbourne",Melbourne,A$280 / night,5.0
Canvas Suites on A'beckett,Melbourne,A$159 / night,4.2
BIG4 Shepparton Park Lane Holiday Park,City of Greater Shepparton,A$158 / night,4.2
Country Getaway Neerim South,Shire of Baw Baw,A$226 / night,4.8
Mantra Lorne,Lorne,A$432 / night,4.1
Lovely home,Melbourne,A$159 / night,4.1
Boutique Stays - South Yarra Lane,Melbourne,A$345 / night,5.0
Alexandra Tourist Park,Shire of Murrindindi,A$138 / night,3.9
Golden Country Motel and Caravan Park,Maryborough (Victoria),A$141 / night,3.8
Platinum City Serviced Apartments,Melbourne,A$177 / night,4.0
Luxury Penthouse 3BDR Inner City  LRG Group  WIFI,Melbourne,"A$1,294 / night",2.6
The Glen Family House,Melbourne,A$310 / night,1.3
Homely Getaways @ Swanston Square,Melbourne,A$237 / night,4.1
McKillop Geelong by Gold Star Stays,Geelong,A$163 / night,3.7
Triggerplant 1-DPA,Dinner Plain,A$145 / night,4.1
Frankie306,Melbourne,A$243 / night,4.6
CBD Little Paris - StayCentral,Melbourne,A$234 / night,4.3
Boutique Stays Sandyside- Sandringham Villa Units,Melbourne,A$280 / night,4.3
Boutique Stays - Carlton Terrace,Melbourne,A$280 / night,4.5
Boutique Stays - Buckingham,Melbourne,A$326 / night,4.8
A-Line Holiday Park,City of Greater Bendigo,A$91 / night,4.5
"Boutique Stays - Somerset Terrace, Townhouse in Richmond",Melbourne,A$290 / night,5.0
"Boutique Stays - Vox Terrace, Prahran Apartment",Melbourne,A$244 / night,4.0
Lifestyle Villages Traralgon,Latrobe City,A$98 / night,4.3
Ski View 1: Funky Family Accommodation - Mt Buller Village,Mt Buller,A$516 / night,4.4
Bacarra Heritage Cottage - 2 bed heritage home in Geelong,Greater Geelong City,A$267 / night,5.0
Weathering Heights-Chalet In The High Country,Dinner Plain,A$497 / night,4.8
BIG4 Dandenong Tourist Park,Melbourne,A$150 / night,4.3
Northcote Hill - StayCentral,Melbourne,A$264 / night,3.6
Darcy's Cottage on Piper,Kyneton,A$394 / night,5.0
Insaa Serviced Apartments Dandenong,Dandenong,A$268 / night,4.0
Vineyard Retreat Mildura,Mildura,A$550 / night,4.7
Top Floor•Views•Yarraville•2 bedroom•2bathroom,Melbourne,A$246 / night,4.3
NGV Art Centre Retreat - StayCentral,Melbourne,A$270 / night,4.6
Boxhill民宿,Melbourne,A$58 / night,3.0
Cottage for 1 or 20 People,Capel Sound,"A$1,896 / night",4.5
Mansfield Holiday Park,Mansfield (Victoria),A$147 / night,4.5
COMPLETE HOST Coventry St Apartments,Melbourne,A$321 / night,4.4
"Boutique Stays - Melrose Terrace, Townhouse in North Melbourne",Melbourne,A$290 / night,4.7
Cottage By The Bay ---Quick Response 24/7,Melbourne,"A$1,501 / night",5.0
Superb Luxe 5BR house@Point Cook near lake,Melbourne,A$251 / night,2.5
Your guest room in Keysborough,Melbourne,A$110 / night,2.8
Warragul Gardens Holiday Park,Shire of Baw Baw,A$142 / night,4.6
Blairs-DPA,Dinner Plain,A$242 / night,4.5
Boutique Stays – Sandy Breeze 1,Melbourne,A$391 / night,4.8
StayCentral on Little Collins,Melbourne,A$282 / night,4.7
StayCentral on Lonsdale,Melbourne,A$299 / night,4.5
Brunswick Vibe - StayCentral,Melbourne,A$270 / night,3.9
Boutique Stays - The Veronica,Melbourne,A$495 / night,4.7
"Boutique Stays - Roxys Place, Prahran House",Melbourne,A$409 / night,5.0
Boutique Stays-Murrumbeena Place 1,Melbourne,A$381 / night,4.6
Boutique Stays - Elwood Hideaway,Melbourne,A$541 / night,4.6
StayCentral on Nott,Melbourne,A$270 / night,2.9
London Park Resort,Melbourne,A$350 / night,4.3
91 Stevenson Court,Yarrawonga,A$704 / night,4.6
Smoko,Dinner Plain,A$242 / night,4.3
Boutique Stays - Highviews,Melbourne,A$354 / night,4.8
Quest Maribyrnong,Melbourne,A$149 / night,4.5
"Boutique Stays - Central Park, South Melbourne Townhouse",Melbourne,A$427 / night,5.0
Absinthe,Dinner Plain,A$458 / night,4.6
Double Bridges,Dinner Plain,A$400 / night,3.8
Belltrees,Dinner Plain,A$513 / night,3.7
Square Bear-DPA,Dinner Plain,A$444 / night,5.0
Classic 6BRM Villa in Melbourne,Melbourne,A$425 / night,0.1
Cottage by the Sea ---Quick response 24/7,Capel Sound,"A$1,514 / night",1.3
Cozy charming and affordable,Melbourne,A$188 / night,0.1
Tooroonga Park - Yarra Valley,Shire of Yarra Ranges,A$331 / night,5.0
Comfortable and Lovely Bodkin Cottage - Room 1,Kyneton,A$204 / night,4.2
stand alone fully self contained spa cottage which accommodates 2 people,Melbourne,A$205 / night,4.6
The Garden House at elevation652 at Mt Bellevue,Rural City of Wangaratta,A$282 / night,5.0
Harvest Home Bed & Breakfast,City of Greater Shepparton,A$136 / night,4.9
Santa Fe Ranch - peaceful getaway,Tolmie,A$200 / night,4.9
"Heathcote Views with wifi , spabath & carport",Shire of Mitchell,A$512 / night,4.9
Hideaway in the Hills ... MillDuck StrawBale B&B,City of Greater Bendigo,A$254 / night,5.0
"Josephine's Bed & Breakfast
Traditional in-home Bed & Breakfast",Melbourne,A$159 / night,4.7
Casa Valeri in Warburton,Warburton,A$414 / night,5.0
Fergusson Winery - Executive Suite,Shire of Yarra Ranges,A$224 / night,5.0
Terminus Hotel Healesville,Healesville,A$182 / night,4.1
casa pizzini near the green,Rural City of Wangaratta,A$160 / night,4.0
The Mews - Charan Hills,Shire of Mitchell,A$205 / night,4.8
Santhosa - a uniquely designed B & B,Bass Coast Shire,A$193 / night,5.0
The Canberra Hotel - a Luxury Art Deco Oasis,Ballarat,A$199 / night,5.0
The Oxley Estate B&B,Portarlington,A$253 / night,4.7
Austin Rise Bed and Breakfast,Heidelberg (Melbourne),A$170 / night,4.8
Adina Apartment Hotel Melbourne,Melbourne,A$161 / night,4.4
Leafield Cottages,Shire of Yarra Ranges,A$187 / night,4.7
Saladin Lodge,Narbethong,A$270 / night,4.7
Allawah Bendigo,Bendigo,A$125 / night,4.4
Caroline Serviced Apartments Brighton,Melbourne,A$225 / night,4.5
Quest Wodonga,Wodonga,A$128 / night,4.5
Blazing Stump Motel & Suites,Wodonga,A$165 / night,4.6
Lanbruk Richmond Hill,Melbourne,A$170 / night,4.6
Sandy Hill Serviced Apartments,Melbourne,A$339 / night,4.7
Carlton Lygon Lodge,Melbourne,A$126 / night,4.3
Lifestyle Apartments at Ferntree,Melbourne,A$157 / night,4.6
Tyrian Albert Park Lake,Melbourne,A$272 / night,4.6
Quest Burwood East,Melbourne,A$131 / night,4.6
Quest Sale,Shire of Wellington,A$134 / night,4.5
Avani Melbourne Box Hill Residences,Melbourne,A$165 / night,4.5
Vue Apartments Geelong,Geelong,A$227 / night,4.5
Quest Docklands,Melbourne,A$158 / night,4.5
Quest Sanctuary Lakes,Melbourne,A$179 / night,4.5
Bendigo Guesthouse,Bendigo,A$120 / night,4.5
Quest Flemington Central,Melbourne,A$135 / night,4.5
RNR Serviced Apartments North Melbourne,Melbourne,A$158 / night,4.5
Oaks Melbourne on Market Hotel,Melbourne,A$146 / night,4.4
Camberwell Serviced Apartments,Melbourne,A$175 / night,4.4
Quest Melbourne Airport,Melbourne,A$149 / night,4.4
Docklands Private Collection - Digital Harbour,Melbourne,A$129 / night,4.4
Quest Bundoora,Melbourne,A$140 / night,4.4
Quest Dandenong,Dandenong,A$156 / night,4.4
Quest Shepparton,City of Greater Shepparton,A$132 / night,4.3
Punthill South Yarra Grand,Melbourne,A$105 / night,4.3
Lovely Banks - Rest and Relax,Greater Geelong City,A$87 / night,4.6
Punthill Dandenong,Dandenong,A$60 / night,4.1
Quest St Kilda Bayside,Melbourne,A$171 / night,4.3
District Apartments Fitzroy,Melbourne,A$225 / night,4.3
Comfort Inn & Apartments Dandenong,Dandenong,A$146 / night,4.1
Park Regis Griffin Suites,Melbourne,A$129 / night,4.2
HarbourView Apartment Hotel (now Arrow on Spencer),Melbourne,A$147 / night,3.9
Clocktower Apartment Hotel,Melbourne,A$165 / night,4.1
Collins Hotel,Melbourne,A$158 / night,4.1
Sixty Two On Grey Serviced Apartments,Melbourne,A$145 / night,4.1
Beaumont Kew Apartments,Melbourne,A$95 / night,3.9
Knox International Hotel and Apartments,Melbourne,A$142 / night,3.8
YTI Garden Hotel,Melbourne,A$104 / night,3.9
Milano Serviced Apartments,Melbourne,A$119 / night,4.0
Barkly Apartments,Melbourne,A$149 / night,3.6
The Sebel Residences Melbourne Docklands,Melbourne,A$194 / night,4.0
Summer Inn Holiday Apartments,Melbourne,A$200 / night,3.8
CBD Victoria Harbour Service Apartments,Melbourne,A$421 / night,3.4
Clunes Guest Home,Hepburn Shire,A$140 / night,3.3
Redan Apartments,Melbourne,A$85 / night,1.9
